# KMOS3D -- Wisnioski, Foerster Schreiber, Fossati, et al. 2019, ApJ 886, 124, 'The KMOS3D Survey: data release and
# final survey paper' (arXiv:1909.11096v1). VizieR J/ApJ/886/124 (doi:10.26093/cds/vizier.18860124), tables 5 and 6.
# SOURCE table5: https://cdsarc.cds.unistra.fr/ftp/J/ApJ/886/124/table5.dat sha256 24b1b12ec42c1d2dfc6aca7d3e965fd78b3c8ff9a68e36a7441f9a1448196a95
# SOURCE table6: https://cdsarc.cds.unistra.fr/ftp/J/ApJ/886/124/table6.dat sha256 fb37854047c6fb2d2e77db28f439e553e12afea3227052238bd48d3ebc804459
# SOURCE ReadMe: https://cdsarc.cds.unistra.fr/ftp/J/ApJ/886/124/ReadMe sha256 7c0c129531f823c1cc603a195667c6c2b2e19f308a2c095868a9d5d2c62627bf
# CROSS-CHECK: MPE release catalogs https://www.mpe.mpg.de/resources/KMOS3D/catalogs/k3d_fnlsp_table_v3.fits.tgz (extracted) (sha256 be2716e3e73755c03b94e55f1ae8aaf8f447434eeefef9a3e45a97ad302b1dea)
#   and https://www.mpe.mpg.de/resources/KMOS3D/catalogs/k3d_fnlsp_table_hafits_v3.fits.tgz (extracted) (sha256 7ef8269d19e95652dc0f7891e4a1c42a03c45393aadc0f8b0ec0815237398711):
#   row counts 785/739, identical ID sets, and z / logM* / R_half agree (validator PASS). Source files in
#   02_galaxy_dynamics/highz_data/_src/ (gitignored, not committed). Built by scripts/highz_ingest_rc41_g17_kmos3d.py.
#
# *** NO KINEMATICS: the KMOS3D data release publishes NO rotation velocity, NO circular velocity, NO gas or baryonic
# *** mass and NO fDM per galaxy (VizieR table5/table6 and the MPE FITS contain none). sigma_int_kms is an
# *** aperture-integrated line width (1.5" radius circular aperture) -- NOT a disk sigma0 and NOT a rotation proxy.
# *** This file CANNOT feed the V^2/R or BTFR a0 routes by itself. It supplies z, M*, R_e and the ID crosswalk
# *** (original targeting IDs like U3_21388 -> KMOS3D U4_29145) used to de-duplicate RC41/RC100.
# PRESSURE SUPPORT: N/A (no rotation velocity in this release).
#
# CONVENTIONS (arXiv:1909.11096v1 Sec. 1, quoted): 'We assume a LambdaCDM cosmology with H0 = 70 km s-1 Mpc-1,
# Omega_m = 0.3, and Omega_Lambda = 0.7' ... 'Chabrier (2003) initial mass function.'
#
# COLUMNS (VizieR labels; explanations quoted from the ReadMe byte-by-byte description):
#   kmos3d_id=ID 'KMOS^3D^ unique identifier'; field=Field; target_id=Target 'KMOS^3D^ original targeting identifier'
#   ('KMOS3D ID when targeted, with field and 3D-HST (v2 or v4 catalog) object ID'); id_skelton14=S14 (NA for 99999)
#   z_kmos3d=z 'Measured KMOS3D redshift' (NA for -9999); zqual_flag=q_z '1 = redshift/detection is uncertain;
#   0 = redshift is secure; -1 = Non-detection'; z_target=zTar 'Best known redshift at time of observation from 3D-HST'
#   logMstar=M* 'Stellar mass' [log Msun] 'Derived from SED modeling following Wuyts+ (2011) ... FAST ... Bruzual &
#   Charlot (2003); Chabrier (2003) IMF; solar metallicity; Exponentially declining SFH with tau>300Myr'
#   Reff_H_arcsec=ReffH 'CANDELS H band major axis effective radius' [arcsec]; e_Reff_H_arcsec=e_ReffH (NA for -999)
#   q_H=Q 'CANDELS H band axis ratio'; e_q_H=e_Q; hband_source_flag=HFlag '1 = H-band fit from van der Wel+ (2012);
#   2 = H-band fit from Lang+ 2014'; sfr_Msun_yr=SFR 'From ladder of SFR indicators assuming a Chabrier (2003) IMF';
#   sfr_type_flag=f_SFR (5..1 = 160um/100um/70um/24um/SED); Av_mag=Av; primary_flag=P '1 = targeted as a primary
#   KMOS3D target, 0 = serendipitous galaxy detection'; addgal_flag=Add; seg_flag=Seg '1 = possible issues with
#   photometry and derived parameters resulting from over or under segmentation'; band=Band; psf_fwhm_arcsec=FWHM
#   'FWHM of Moffat model PSF; minor axis'; ra_deg, dec_deg = RAdeg, DEdeg (J2000).
#   From table6 (joined on ID; NA where absent): z_Ha=z 'Redshift (vacuum) from H{alpha} line fit' (1.5" aperture);
#   e_z_Ha; sigma_int_kms=sigma 'Velocity dispersion' -- 'Properties from Gaussian line profile fits to the
#   spatially-integrated spectrum of each galaxy extracted in a circular aperture of 1.5" radius. The velocity
#   dispersion is corrected for the instrumental resolution'; e_sigma_int_kms; Ha_fit_flag=Flag '0 = reliable fit'
#   (-3 no fit, -2/-1 upper limits, 1 unreliable; value 2 also occurs, undocumented in the ReadMe note).
#   Omitted: File, Exp, Res, Ksmag, UMag, VMag, JMag, Ap, FHa, e_FHa, FCor.
#   derived_kpc_per_arcsec = proper kpc per arcsec at z_kmos3d for astropy FlatLambdaCDM(H0=70, Om0=0.3) (the paper's
#   cosmology; reproduces RC41 Table 1 col 7 and G17 Table 1 'kpc/arcsec'); derived_Reff_H_kpc = that x Reff_H_arcsec.
#   NA when z_kmos3d is missing (z_target is deliberately NOT substituted).
#   in_RC41/RC41_row: ID or target_id matches an RC41 alias; in_RC100/RC100_idx: matches an RC100 name directly
#   (RC100_match=id_or_target) or through the matched RC41 row (via_RC41_alias); in_G17 likewise.
#
# OVERLAP: 69 rows overlap RC100 and 20 overlap RC41 by ID. RC100 names with a
# KMOS3D-style field prefix that matched no KMOS3D row: none.
# 785 rows = 739 primary targets + 46 serendipitous detections (primary_flag=0): count galaxies with primary_flag=1,
# not rows. All RC41/RC100-overlapping rows are primary targets.
# 158 rows have no measured z_kmos3d (-9999 in source) and 125 have no sigma_int_kms. NA = not given.
# DE-DUPLICATION TRAP: Uebler+2017 (VizieR J/ApJ/842/121, the KMOS3D Tully-Fisher sample) is ID-less (sequence
# numbers only), so it cannot be de-duplicated against this file, RC41 or RC100 by ID.
kmos3d_id,field,target_id,id_skelton14,z_kmos3d,zqual_flag,z_target,logMstar,Reff_H_arcsec,e_Reff_H_arcsec,derived_Reff_H_kpc,derived_e_Reff_H_kpc,derived_kpc_per_arcsec,q_H,e_q_H,hband_source_flag,sfr_Msun_yr,sfr_type_flag,Av_mag,z_Ha,e_z_Ha,sigma_int_kms,e_sigma_int_kms,Ha_fit_flag,primary_flag,addgal_flag,seg_flag,band,psf_fwhm_arcsec,ra_deg,dec_deg,in_RC41,RC41_row,in_RC100,RC100_idx,RC100_match,in_G17
COS4_00779,COSMOS,COS3_00715,779,0.9243,1,0.921333,10.85,1.053,0.009,8.265,0.071,7.8495,0.772,0.004,2,16.457966,2.0,0.3,0.9243,2.7E-4,349.3,29.4,2,1,0,0,YJ,0.59692,150.10113525390625,2.1906323432922363,0,NA,0,NA,NA,0
COS4_00937,COSMOS,COS3_00644,937,0.87761,0,0.8783,11.17,0.64,0.005,4.950,0.039,7.7339,0.835,0.003,2,14.587371,5.0,0.7,0.87761,3.7E-4,279.7,72.0,2,1,0,0,YJ,0.59692,150.1288604736328,2.193235397338867,0,NA,0,NA,NA,0
COS4_00970,COSMOS,COS4_00970,970,0.82056,0,0.79933554,11.04,0.385,0.003,2.915,0.023,7.5724,0.497,0.004,2,0.8709636,1.0,0.6,0.82056,1.1E-4,97.7,16.2,0,1,0,0,YJ,0.65601,150.14334106445312,2.192643404006958,0,NA,0,NA,NA,0
COS4_01351,COSMOS,COS4_01351,1351,0.85346,0,0.85379577,10.73,1.119,0.008,8.581,0.061,7.6684,0.256,0.003,2,57.394997,5.0,1.7,0.85346,1.1E-4,223.7,32.5,0,1,0,0,YJ,0.65601,150.14260864257812,2.1969704627990723,1,9,1,18,id_or_target,1
COS4_01598,COSMOS,COS4_01598,1598,NA,0,1.0222343,10.5,0.478,0.011,NA,NA,NA,0.192,0.01,2,0.74131024,1.0,1.5,NA,NA,NA,NA,-3,1,0,0,YJ,0.7314,150.11680603027344,2.1967461109161377,0,NA,0,NA,NA,0
COS4_01670,COSMOS,COS3_01584,1670,0.92702,0,0.9271,10.52,0.451,0.006,3.543,0.047,7.8558,0.861,0.006,2,28.796358,2.0,1.0,0.92702,1.0E-5,81.4,5.8,2,1,0,0,YJ,0.59692,150.13568115234375,2.199410915374756,0,NA,0,NA,NA,0
COS4_01966,COSMOS,COS4_01966,1966,2.30595,0,2.32872,10.16,0.33,0.028,2.706,0.230,8.2015,0.425,0.049,2,46.298454,2.0,0.9,2.30595,1.0E-4,101.9,27.6,0,1,1,0,K,0.39883,150.12586975097656,2.1993229389190674,0,NA,0,NA,NA,0
COS4_02097,COSMOS,COS3_02001,2097,NA,0,0.7945,10.66,0.73,0.012,NA,NA,NA,0.234,0.006,2,12.802664,5.0,1.2,NA,NA,NA,NA,-3,1,0,0,YJ,0.59692,150.1140594482422,2.202880382537842,0,NA,0,NA,NA,0
COS4_02167,COSMOS,COS3_01705,2167,0.82711,0,0.827223,10.58,0.972,0.007,7.380,0.053,7.5922,0.743,0.003,2,29.271063,5.0,1.0,0.82711,2.0E-5,48.6,4.5,0,1,0,0,YJ,0.59692,150.0922393798828,2.204434871673584,0,NA,0,NA,NA,0
COS4_02355,COSMOS,COS4_02355,2355,NA,1,1.34902,9.78,0.47,0.012,NA,NA,NA,0.238,0.016,1,7.24436,1.0,1.3,NA,NA,NA,NA,-3,1,0,0,H,0.53691,150.1473846435547,2.203214645385742,0,NA,0,NA,NA,0
COS4_02418,COSMOS,COS4_02418,2418,0.77695,0,0.77649873,10.35,0.385,0.003,2.861,0.022,7.4325,0.701,0.005,2,35.035007,5.0,1.9,0.77695,5.0E-5,133.2,7.3,0,1,0,0,YJ,0.65601,150.15545654296875,2.205454111099243,0,NA,0,NA,NA,0
COS4_02567,COSMOS,COS3_02480,2567,0.92442,0,0.921094,10.72,0.641,0.008,5.032,0.063,7.8497,0.474,0.005,2,29.52812,2.0,1.1,0.92442,4.0E-5,73.5,15.1,2,1,0,0,YJ,0.59692,150.1102752685547,2.2076048851013184,0,NA,0,NA,NA,0
COS4_02672,COSMOS,COS4_02672,2672,2.3075,0,2.3154013,10.57,0.502,0.013,4.117,0.107,8.2005,0.491,0.014,1,72.839386,2.0,0.7,2.3075,3.0E-5,128.4,5.4,0,1,0,0,K,0.39883,150.1294708251953,2.207197904586792,1,37,1,89,id_or_target,0
COS4_02887,COSMOS,COS4_02887,2887,2.17316,0,2.1734,10.15,0.753,0.032,6.236,0.265,8.2814,0.484,0.025,2,10.471285,1.0,0.6,2.17316,2.0E-5,35.3,7.5,0,1,1,3,K,0.39883,150.09695434570312,2.209170341491699,0,NA,0,NA,NA,0
COS4_03179,COSMOS,COS4_03179,3179,2.1707,0,2.18704,10.02,0.296,0.009,2.452,0.075,8.2828,0.779,0.022,2,12.589254,1.0,0.6,2.1707,4.0E-5,109.7,12.7,0,1,0,0,K,0.45445,150.16807556152344,2.211296319961548,0,NA,0,NA,NA,0
COS4_03206,COSMOS,COS4_03206,3206,2.1026,0,2.2210972,11.36,0.743,0.037,6.182,0.308,8.3202,0.537,0.02,2,64.565414,1.0,2.1,2.1026,4.5E-4,366.2,52.2,2,1,0,0,K,0.38976,150.13270568847656,2.2118589878082275,0,NA,0,NA,NA,0
COS4_03243,COSMOS,COS3_03199,3243,0.9252,0,0.925359,10.49,0.592,0.005,4.648,0.039,7.8515,0.521,0.004,2,39.08716,5.0,1.7,0.9252,2.0E-5,56.4,7.7,2,1,0,0,YJ,0.59692,150.10598754882812,2.2131435871124268,0,NA,0,NA,NA,0
COS4_03324,COSMOS,COS4_03324,3324,2.30684,0,2.3072,10.62,0.574,0.011,4.707,0.090,8.2009,0.684,0.013,2,90.966774,2.0,1.0,2.30684,1.0E-5,54.4,3.4,0,1,0,0,K,0.39883,150.14840698242188,2.2131335735321045,0,NA,0,NA,NA,0
COS4_03493,COSMOS,COS4_03493,3493,0.67901,0,0.83287776,10.49,0.556,0.005,3.924,0.035,7.0581,0.422,0.005,2,7.7549133,2.0,0.9,0.67901,3.0E-5,180.0,12.9,0,1,0,0,YJ,0.62154,150.17385864257812,2.2158491611480713,0,NA,0,NA,NA,0
COS4_03700,COSMOS,COS3_03696,3700,0.95615,1,0.953707,11.17,0.581,0.005,4.602,0.040,7.9205,0.884,0.004,2,23.475166,5.0,0.9,0.95615,3.0E-4,259.3,74.5,2,1,0,0,YJ,0.59692,150.1707305908203,2.219238042831421,0,NA,0,NA,NA,0
COS4_03784,COSMOS,COS4_03784,3784,1.50434,0,1.50302,10.26,0.3,0.005,2.539,0.042,8.4634,0.639,0.011,2,37.199947,2.0,1.2,1.50434,6.0E-5,130.8,8.3,2,1,0,0,H,0.42028,150.11837768554688,2.2167165279388428,0,NA,0,NA,NA,0
COS4_03814,COSMOS,COS4_03814,3814,0.87926,0,0.8798,10.7,0.327,0.004,2.530,0.031,7.7382,0.636,0.007,2,40.4714,5.0,0.8,0.87926,8.0E-5,195.8,39.5,0,1,0,0,YJ,0.62154,150.2005157470703,2.218310832977295,0,NA,0,NA,NA,0
COS4_03894,COSMOS,COS4_03894,3894,NA,0,0.8298553,10.65,0.331,0.004,NA,NA,NA,0.572,0.006,2,0.089125104,1.0,0.2,0.82986,0.0,113.2,0.0,-2,1,0,0,YJ,0.65601,150.15518188476562,2.218538761138916,0,NA,0,NA,NA,0
COS4_04327,COSMOS,COS3_04353,4327,0.83839,0,0.841142,10.83,0.43,0.004,3.279,0.031,7.6254,0.375,0.005,2,41.114567,5.0,1.0,0.83839,3.2E-4,194.5,33.1,2,1,0,0,YJ,0.59692,150.1185760498047,2.223099946975708,0,NA,0,NA,NA,0
COS4_04453,COSMOS,COS4_04453,4453,2.438,0,2.5424738,10.5,0.372,0.013,3.019,0.105,8.1148,0.497,0.017,1,76.75296,2.0,0.9,2.438,3.0E-5,86.5,8.6,0,1,0,0,K,0.45445,150.1270751953125,2.223252058029175,0,NA,0,NA,NA,0
COS4_04484,COSMOS,COS4_04484,4484,1.6508663,0,1.4909724,10.99,0.29,0.006,2.457,0.051,8.4708,0.483,0.01,2,36.31053,2.0,0.4,1.6508663,4.0E-4,283.8,50.5,2,1,0,0,H,0.38841,150.1539306640625,2.2245728969573975,0,NA,0,NA,NA,0
COS4_04519,COSMOS,COS4_04519,4519,2.2285,0,2.2414362,10.61,0.289,0.008,2.384,0.066,8.2491,0.619,0.015,2,453.7839,5.0,1.1,2.2285,2.0E-5,121.7,4.8,0,1,0,0,K,0.38976,150.1193389892578,2.2241532802581787,0,NA,0,NA,NA,0
COS4_04536,COSMOS,COS4_04536,4536,1.64373,0,1.62348,11.16,0.56,0.013,4.744,0.110,8.4713,0.324,0.01,2,54.790253,4.0,1.5,1.64373,4.5E-4,512.5,65.1,2,1,0,0,H,0.4225,150.1382598876953,2.225017786026001,0,NA,0,NA,NA,0
COS4_04596,COSMOS,COS4_04596,4596,NA,0,0.7332,11.1,0.564,0.002,NA,NA,NA,0.783,0.002,1,11.112972,2.0,0.6,NA,NA,NA,NA,-3,1,0,0,YJ,0.65601,150.12094116210938,2.2271268367767334,0,NA,0,NA,NA,0
COS4_04669,COSMOS,COS3_04796,4669,1.03168,0,1.02568,10.8,0.792,0.006,6.388,0.048,8.0660,0.65,0.004,2,50.964775,5.0,1.3,1.03168,1.2E-4,215.1,25.8,2,1,0,1,YJ,0.59692,150.07350158691406,2.226384401321411,1,14,1,31,id_or_target,0
COS4_04717,COSMOS,COS4_04717,4717,2.43912,0,2.56718,10.89,0.497,0.036,4.033,0.292,8.1140,0.571,0.032,1,179.0359,2.0,1.4,2.43912,6.0E-5,48.9,18.0,0,1,0,0,K,0.38976,150.10498046875,2.2262325286865234,0,NA,0,NA,NA,0
COS4_04930,COSMOS,COS4_04930,4930,2.2271,0,2.2261,10.51,0.459,0.044,3.787,0.363,8.2500,0.491,0.019,2,38.90452,1.0,1.0,2.2271,1.0E-4,133.5,18.6,0,1,0,0,K,0.39883,150.12098693847656,2.228794813156128,0,NA,0,NA,NA,0
COS4_04943,COSMOS,COS3_05062,4943,0.75787,0,0.766839,10.66,0.833,0.007,6.136,0.052,7.3663,0.883,0.004,2,15.263769,2.0,0.6,0.75787,3.0E-5,95.5,8.5,2,1,0,0,YJ,0.59692,150.09048461914062,2.23088002204895,0,NA,0,NA,NA,0
COS4_05094,COSMOS,COS4_05094,5094,2.17149,0,2.18608,10.4,0.599,0.016,4.961,0.133,8.2824,0.432,0.017,2,62.46148,2.0,0.9,2.17149,1.2E-4,130.2,33.9,0,1,0,0,K,0.45445,150.14036560058594,2.2301855087280273,0,NA,1,69,id_or_target,0
COS4_05103,COSMOS,COS4_05103,5103,1.5599128,1,1.64058,10.52,0.372,0.016,3.151,0.136,8.4707,0.748,0.018,2,49.63864,2.0,1.4,1.5599128,3.2E-4,134.2,165.2,2,1,0,0,H,0.4225,150.12649536132812,2.2302279472351074,0,NA,0,NA,NA,0
COS4_05152,COSMOS,COS4_05152,5152,NA,0,2.15905,10.51,0.059,0.003,NA,NA,NA,0.795,0.046,2,0.32359365,1.0,0.0,NA,NA,NA,NA,-3,1,0,0,K,0.44063,150.15750122070312,2.230154514312744,0,NA,0,NA,NA,0
COS4_05215,COSMOS,COS4_05215,5215,0.95264,0,0.9543,9.91,0.523,0.006,4.138,0.047,7.9129,0.477,0.008,1,10.807405,2.0,0.8,0.95264,3.0E-5,140.7,5.9,2,1,0,0,YJ,0.63825,150.10890197753906,2.2319724559783936,0,NA,0,NA,NA,0
COS4_05238,COSMOS,COS3_05046,5238,0.93608,1,0.935094,11.43,0.895,0.004,7.049,0.032,7.8764,0.561,0.002,2,86.0934,5.0,1.4,0.93608,1.5E-4,222.4,50.9,2,1,0,0,YJ,0.59692,150.0559844970703,2.233445882797241,0,NA,0,NA,NA,0
COS4_05296,COSMOS,COS3_05444,5296,0.92562,0,0.9221,10.66,0.604,0.004,4.743,0.031,7.8525,0.572,0.004,2,23.399673,5.0,0.8,0.92562,3.1E-4,179.2,65.6,2,1,0,0,YJ,0.59692,150.1724853515625,2.2336316108703613,0,NA,0,NA,NA,0
COS4_05334,COSMOS,COS4_05334,5334,1.60603,1,1.6022443,10.13,0.239,0.01,2.025,0.085,8.4725,0.886,0.021,1,74.38797,5.0,0.8,1.60603,3.0E-5,140.9,12.5,0,1,0,0,H,0.47217,150.17071533203125,2.232769250869751,0,NA,0,NA,NA,0
COS4_05389,COSMOS,COS4_05389,5389,2.30193,0,2.55698,10.17,0.259,0.012,2.125,0.098,8.2040,0.669,0.031,1,93.14706,2.0,0.7,2.30193,5.9E-4,578.9,70.9,2,1,1,0,K,0.38976,150.07330322265625,2.2329959869384766,0,NA,0,NA,NA,0
COS4_05415,COSMOS,COS4_05415,5415,2.30301,0,2.32359,10.43,0.333,0.034,2.732,0.279,8.2033,0.525,0.03,2,161.33746,2.0,0.7,2.30301,1.3E-4,179.3,31.0,0,1,1,0,K,0.39883,150.0734405517578,2.2333197593688965,0,NA,0,NA,NA,0
COS4_05433,COSMOS,COS4_05433,5433,2.19248,0,1.9593614,10.92,0.845,0.022,6.988,0.182,8.2703,0.844,0.017,2,87.60777,2.0,0.9,2.19248,2.0E-5,85.9,3.7,0,1,0,0,K,0.44063,150.18272399902344,2.2348575592041016,0,NA,1,76,id_or_target,0
COS4_05473,COSMOS,COS4_05473,5473,2.2472,1,2.22932,11.08,0.261,0.026,2.150,0.214,8.2379,0.279,0.029,2,62.693195,2.0,1.0,2.2472,2.2E-4,48.3,37.2,2,1,0,0,K,0.45445,150.15451049804688,2.2336134910583496,0,NA,0,NA,NA,0
COS4_05499,COSMOS,COS4_05499,5499,1.55805,1,1.4806,10.35,0.2,0.009,1.694,0.076,8.4706,0.687,0.024,2,0.21877615,1.0,0.3,1.55805,3.0E-5,627.3,52.3,2,1,0,0,H,0.59439,150.080078125,2.2342329025268555,0,NA,0,NA,NA,0
COS4_05540,COSMOS,COS4_05540,5540,NA,0,2.3564487,11.0,0.069,0.002,NA,NA,NA,0.564,0.021,2,1.0,1.0,0.1,NA,NA,NA,NA,-3,1,0,0,K,0.37524,150.1288604736328,2.234910011291504,0,NA,0,NA,NA,0
COS4_05588,COSMOS,COS4_05588,5588,1.6160442,1,1.61039,11.04,0.391,0.008,3.313,0.068,8.4724,0.688,0.012,2,112.23733,5.0,2.0,1.6160442,2.4E-4,433.0,48.3,2,1,0,0,H,0.58549,150.16690063476562,2.2358145713806152,0,NA,0,NA,NA,0
COS4_05606,COSMOS,COS4_05606,5606,1.65609,0,1.6549923,9.9,0.474,0.007,4.015,0.059,8.4704,0.235,0.01,1,56.441902,2.0,0.7,1.65609,8.0E-5,154.8,6.5,2,1,0,0,H,0.424,150.16908264160156,2.235290050506592,0,NA,1,58,id_or_target,0
COS4_05656,COSMOS,COS4_05656,5656,0.79798,0,0.79791576,10.68,0.309,0.003,2.318,0.023,7.5019,0.751,0.005,2,124.72648,5.0,1.7,0.79798,2.0E-5,99.2,2.9,0,1,0,0,YJ,0.42309,150.10374450683594,2.2376656532287598,0,NA,1,10,id_or_target,0
COS4_05706,COSMOS,COS4_05706,5706,2.4369,0,2.3828926,10.56,0.481,0.011,3.904,0.089,8.1156,0.335,0.014,2,107.14847,2.0,1.3,2.4369,5.0E-5,220.0,18.8,2,1,1,0,K,0.39883,150.1251983642578,2.2365968227386475,0,NA,0,NA,NA,0
COS4_05888,COSMOS,COS3_06060,5888,0.96082,0,0.955988,10.69,0.375,0.003,2.974,0.024,7.9304,0.458,0.005,2,54.875664,5.0,0.5,0.96082,1.8E-4,100.3,31.5,2,1,0,0,YJ,0.55187,150.14505004882812,2.2391881942749023,0,NA,0,NA,NA,0
COS4_05925,COSMOS,COS4_05925,5925,0.79895,0,0.79617953,10.63,0.587,0.004,4.405,0.030,7.5050,0.281,0.004,2,29.618166,5.0,2.4,0.79895,2.3E-4,195.3,55.6,2,1,0,0,YJ,0.42309,150.0961151123047,2.24025297164917,0,NA,1,11,id_or_target,0
COS4_05974,COSMOS,COS4_05974,5974,NA,1,1.61823,10.52,0.795,0.021,NA,NA,NA,0.487,0.016,2,82.531906,2.0,0.8,NA,NA,NA,NA,-3,1,0,1,H,0.58549,150.17457580566406,2.2400553226470947,0,NA,0,NA,NA,0
COS4_06079,COSMOS,COS4_06079,6079,2.44101,0,2.3424137,10.57,0.644,0.017,5.225,0.138,8.1128,0.683,0.018,2,103.57096,2.0,0.9,2.44101,1.8E-4,199.4,40.1,2,1,0,0,K,0.39093,150.10946655273438,2.2400717735290527,0,NA,1,95,id_or_target,0
COS4_06179,COSMOS,COS4_06179,6179,NA,1,1.65515,10.71,0.633,0.017,NA,NA,NA,0.607,0.013,2,88.82108,2.0,1.2,NA,NA,NA,NA,-3,1,0,0,H,0.59439,150.12957763671875,2.241191864013672,0,NA,0,NA,NA,0
COS4_06205,COSMOS,COS4_06205,6205,NA,0,0.7991521,10.11,0.219,0.003,NA,NA,NA,0.316,0.01,2,0.28840312,1.0,1.4,NA,NA,NA,NA,-3,1,0,0,YJ,0.7314,150.11997985839844,2.24135160446167,0,NA,0,NA,NA,0
COS4_06279,COSMOS,COS4_06279,6279,2.22135,0,2.20027,10.27,0.286,0.009,2.360,0.074,8.2534,0.533,0.023,2,9.549926,1.0,0.6,2.22135,1.1E-4,150.0,28.1,0,1,0,0,K,0.44063,150.1798553466797,2.2423460483551025,0,NA,0,NA,NA,0
COS4_06327,COSMOS,COS3_06511,6327,0.80361,0,0.803706,10.48,0.311,0.003,2.339,0.023,7.5198,0.859,0.006,2,5.28732,2.0,0.4,0.80361,9.0E-5,125.1,26.9,0,1,0,0,YJ,0.55187,150.12225341796875,2.243507146835327,0,NA,0,NA,NA,0
COS4_06452,COSMOS,COS4_06452,6452,1.6905,0,1.60257,10.5,0.291,0.007,2.464,0.059,8.4668,0.602,0.017,2,92.62181,5.0,2.3,1.6905,7.0E-5,49.3,10.8,2,1,0,0,H,0.59439,150.09793090820312,2.243799924850464,0,NA,0,NA,NA,0
COS4_06483,COSMOS,COS3_06679,6483,NA,0,0.915713,10.68,0.282,0.005,NA,NA,NA,0.949,0.007,2,1.3803843,1.0,0.4,0.91571,0.0,113.5,0.0,-2,1,0,0,YJ,0.47927,150.1335906982422,2.2455270290374756,0,NA,0,NA,NA,0
COS4_06487,COSMOS,COS4_06487,6487,0.9068795,0,0.9073,10.88,0.499,0.004,3.896,0.031,7.8080,0.57,0.004,2,30.913342,5.0,1.0,0.9068795,6.0E-5,153.0,22.8,2,1,0,0,YJ,0.42309,150.135498046875,2.2457053661346436,0,NA,1,19,id_or_target,0
COS4_06528,COSMOS,COS3_06738,6528,0.86799,0,0.867786,10.31,0.5,0.004,3.854,0.031,7.7083,0.607,0.005,2,29.886566,5.0,1.6,0.86799,1.0E-5,95.4,3.1,0,1,0,0,YJ,0.55187,150.16778564453125,2.247093915939331,0,NA,0,NA,NA,0
COS4_06750,COSMOS,COS4_06750,6750,2.12699,0,2.1272218,10.12,0.359,0.009,2.982,0.075,8.3071,0.496,0.016,2,50.493454,2.0,0.4,2.12699,2.0E-5,88.0,8.9,0,1,0,0,K,0.37524,150.16302490234375,2.2474911212921143,0,NA,0,NA,NA,0
COS4_06820,COSMOS,COS4_06820,6820,NA,0,2.20295,10.81,0.188,0.054,NA,NA,NA,0.893,0.03,2,0.64565426,1.0,0.2,NA,NA,NA,NA,-3,1,0,0,K,0.39091,150.1029815673828,2.2484169006347656,0,NA,0,NA,NA,0
COS4_06827,COSMOS,COS4_06827,6827,NA,0,1.02891,10.61,0.514,0.012,NA,NA,NA,0.616,0.01,2,1.1220185,1.0,0.4,1.02891,0.0,112.4,0.0,-2,1,0,0,YJ,0.45713,150.11500549316406,2.2492079734802246,0,NA,0,NA,NA,0
COS4_06963,COSMOS,COS4_06963,6963,2.30093,0,2.1901743,10.98,0.256,0.024,2.100,0.197,8.2046,0.876,0.024,2,5.0118723,1.0,0.3,2.30093,4.0E-5,232.9,13.9,2,1,1,0,K,0.39091,150.0765838623047,2.249682664871216,0,NA,0,NA,NA,0
COS4_06977,COSMOS,COS4_06977,6977,NA,0,1.65515,10.96,0.178,0.002,NA,NA,NA,0.788,0.009,2,0.18197007,1.0,0.0,NA,NA,NA,NA,-3,1,0,0,H,0.40068,150.06951904296875,2.249985933303833,0,NA,0,NA,NA,0
COS4_07033,COSMOS,COS4_07033,7033,0.89353,0,0.91076,9.52,0.284,0.01,2.208,0.078,7.7749,0.79,0.018,1,1.3182567,1.0,0.2,0.89353,6.0E-5,81.3,13.5,0,1,0,0,YJ,0.45713,150.09600830078125,2.250319480895996,0,NA,0,NA,NA,0
COS4_07201,COSMOS,COS4_07201,7201,0.79316,0,0.7914,9.6,0.266,0.005,1.991,0.037,7.4863,0.731,0.011,1,1.9498446,1.0,0.2,0.79316,3.0E-5,95.3,12.6,0,1,0,0,YJ,0.46968,150.1461639404297,2.2527248859405518,0,NA,0,NA,NA,0
COS4_07337,COSMOS,COS4_07337,7337,NA,0,1.624738,10.5,0.079,0.005,NA,NA,NA,0.776,0.037,2,0.063095726,1.0,0.0,NA,NA,NA,NA,-3,1,1,0,H,0.38841,150.12318420410156,2.2536776065826416,0,NA,0,NA,NA,0
COS4_07392,COSMOS,COS3_07651,7392,NA,0,0.929803,10.64,0.612,0.011,NA,NA,NA,0.331,0.007,2,39.203632,5.0,1.0,NA,NA,NA,NA,-3,1,0,0,YJ,0.59692,150.08584594726562,2.2569544315338135,0,NA,0,NA,NA,0
COS4_07757,COSMOS,COS4_07757,7757,1.64411,0,1.6206282,9.93,0.403,0.01,3.414,0.085,8.4713,0.899,0.016,1,10.232929,1.0,0.4,1.64411,4.0E-5,119.3,5.8,0,1,0,0,H,0.41021,150.14157104492188,2.2589240074157715,0,NA,0,NA,NA,0
COS4_07884,COSMOS,COS4_07884,7884,NA,0,2.1010373,11.46,0.96,0.074,NA,NA,NA,0.704,0.009,2,8.317638,1.0,0.6,NA,NA,NA,NA,-3,1,0,0,K,0.38976,150.0656280517578,2.2609963417053223,0,NA,0,NA,NA,0
COS4_07901,COSMOS,COS4_07901,7901,0.87844,0,0.8788,9.82,0.693,0.014,5.361,0.108,7.7361,0.38,0.009,1,8.843771,2.0,0.3,0.87844,1.0E-5,54.3,3.3,0,1,0,0,YJ,0.62154,150.1775360107422,2.2612247467041016,0,NA,0,NA,NA,0
COS4_08096,COSMOS,COS3_08390,8096,0.97911,0,0.9806,11.23,0.474,0.004,3.777,0.032,7.9680,0.926,0.004,2,26.08049,5.0,0.8,0.97911,2.0E-5,90.6,6.7,0,1,0,0,YJ,0.59692,150.06846618652344,2.2654902935028076,0,NA,0,NA,NA,0
COS4_08372,COSMOS,COS4_08372,8372,NA,0,0.90260345,10.16,0.079,0.001,NA,NA,NA,0.794,0.018,2,0.028183833,1.0,0.1,NA,NA,NA,NA,-3,1,1,0,YJ,0.62154,150.17608642578125,2.2652437686920166,0,NA,0,NA,NA,0
COS4_08515,COSMOS,COS4_08515,8515,2.45389,0,2.4539,9.88,0.555,0.016,4.498,0.130,8.1040,0.222,0.019,1,19.952621,1.0,0.3,2.45389,3.0E-5,87.9,9.4,0,1,0,0,K,0.46186,150.18447875976562,2.2662622928619385,0,NA,0,NA,NA,0
COS4_08565,COSMOS,COS4_08565,8565,NA,0,1.4228427,10.39,0.626,0.02,NA,NA,NA,0.367,0.018,2,36.3078,1.0,2.2,NA,NA,NA,NA,-3,1,0,0,H,0.39346,150.16200256347656,2.26697039604187,0,NA,0,NA,NA,0
COS4_08576,COSMOS,COS4_08576,8576,0.82596,1,0.83039397,10.18,0.199,0.004,1.510,0.030,7.5887,0.538,0.014,2,0.4365158,1.0,0.5,0.82596,4.0E-5,54.3,8.2,0,1,0,0,YJ,0.4488,150.1153564453125,2.2673940658569336,0,NA,0,NA,NA,0
COS4_08649,COSMOS,COS3_08964,8649,0.8825,0,0.881287,10.26,0.423,0.003,3.277,0.023,7.7467,0.347,0.004,2,19.594044,5.0,1.4,0.8825,2.0E-5,92.5,5.9,0,1,0,0,YJ,0.59692,150.14358520507812,2.26843523979187,0,NA,0,NA,NA,0
COS4_08663,COSMOS,COS4_08663,8663,0.90514,0,0.9093366,10.16,0.431,0.006,3.363,0.047,7.8037,0.277,0.008,2,17.613491,2.0,1.9,0.90514,6.0E-5,56.9,10.2,2,1,0,0,YJ,0.63825,150.13302612304688,2.268474817276001,0,NA,0,NA,NA,0
COS4_08687,COSMOS,COS4_08687,8687,0.90535,0,0.9098,9.47,0.159,0.005,1.241,0.039,7.8043,0.688,0.021,1,19.50604,4.0,0.4,0.90535,2.0E-5,44.9,12.1,2,1,0,0,YJ,0.46968,150.1625518798828,2.268092155456543,0,NA,0,NA,NA,0
COS4_08775,COSMOS,COS4_08775,8775,2.16241,0,2.1696358,10.35,0.428,0.01,3.547,0.083,8.2875,0.544,0.014,2,26.915344,1.0,0.7,2.16241,2.0E-5,84.0,4.0,0,1,0,0,K,0.38162,150.06895446777344,2.2692782878875732,0,NA,1,68,id_or_target,0
COS4_08854,COSMOS,COS4_08854,8854,NA,0,1.0114014,10.38,0.113,0.008,NA,NA,NA,0.831,0.022,2,6.242034,2.0,0.3,NA,NA,NA,NA,-3,1,0,0,YJ,0.63825,150.12493896484375,2.269890546798706,0,NA,0,NA,NA,0
COS4_08958,COSMOS,COS4_08958,8958,1.49748,0,1.36789,10.46,0.185,0.004,1.565,0.034,8.4621,0.742,0.019,2,0.8317638,1.0,0.9,1.49748,4.0E-5,147.4,7.3,0,1,0,0,H,0.42309,150.1378173828125,2.2706375122070312,0,NA,0,NA,NA,0
COS4_09044,COSMOS,COS4_09044,9044,2.19825,0,2.20037,9.94,0.185,0.005,1.529,0.041,8.2670,0.541,0.023,1,15.848933,1.0,0.6,2.19825,4.0E-5,129.2,8.9,0,1,0,0,K,0.39703,150.14877319335938,2.2720510959625244,0,NA,0,NA,NA,0
COS4_09156,COSMOS,COS4_09156,9156,0.93836,0,0.9398603,9.97,0.208,0.002,1.639,0.016,7.8816,0.6,0.007,2,13.828617,4.0,1.5,0.93836,5.0E-5,153.9,12.2,2,1,0,0,YJ,0.63825,150.14122009277344,2.2729737758636475,0,NA,0,NA,NA,0
COS4_09252,COSMOS,COS4_09252,9252,1.51617,0,1.50678,10.8,0.415,0.009,3.513,0.076,8.4655,0.471,0.012,2,47.542416,5.0,2.0,1.51617,9.0E-5,85.6,15.8,0,1,0,0,H,0.40068,150.10958862304688,2.27427339553833,0,NA,0,NA,NA,0
COS4_09356,COSMOS,COS4_09356,9356,1.59732,0,1.61562,10.77,0.379,0.008,3.211,0.068,8.4724,0.618,0.01,2,29.8295,2.0,0.0,1.59732,1.0E-4,81.0,19.7,0,1,0,2,H,0.58549,150.13848876953125,2.2765891551971436,0,NA,0,NA,NA,0
COS4_09601,COSMOS,COS3_09985,9601,0.83429,0,0.837983,10.55,0.259,0.003,1.972,0.023,7.6135,0.612,0.006,2,23.109045,5.0,1.2,0.83429,2.2E-4,111.0,44.4,2,1,0,0,YJ,0.59692,150.08338928222656,2.2784461975097656,0,NA,0,NA,NA,0
COS4_09667,COSMOS,COS4_09667,9667,1.60631,0,1.5301545,11.29,1.098,0.036,9.303,0.305,8.4725,0.975,0.007,2,22.954058,2.0,0.3,1.60631,1.0E-4,91.3,13.5,0,1,0,0,H,0.42431,150.13978576660156,2.2796382904052734,0,NA,0,NA,NA,0
COS4_09677,COSMOS,COS4_09677,9677,NA,0,2.2064936,11.08,0.18,0.009,NA,NA,NA,0.887,0.022,2,37.407635,2.0,0.0,2.20649,0.0,115.1,0.0,-2,1,0,0,K,0.44063,150.1429443359375,2.278514862060547,0,NA,0,NA,NA,0
COS4_09745,COSMOS,COS4_09745,9745,1.691,0,1.69258,10.14,0.443,0.013,3.751,0.110,8.4667,0.68,0.015,2,26.927132,2.0,0.7,1.691,3.0E-5,59.4,5.9,0,1,0,0,H,0.38373,150.14120483398438,2.2797954082489014,0,NA,0,NA,NA,0
COS4_09835,COSMOS,COS3_10248,9835,0.89341,0,0.897619,10.17,1.036,0.032,8.054,0.249,7.7746,0.558,0.009,2,9.79736,2.0,1.0,0.89341,3.0E-5,103.2,5.2,0,1,0,1,YJ,0.44413,150.13807678222656,2.282026767730713,0,NA,0,NA,NA,0
COS4_09867,COSMOS,COS4_09867,9867,NA,0,1.63136,10.66,0.096,0.008,NA,NA,NA,0.691,0.043,2,0.012589254,1.0,0.7,NA,NA,NA,NA,-3,1,1,0,H,0.38277,150.08758544921875,2.280381917953491,0,NA,0,NA,NA,0
COS4_10048,COSMOS,COS4_10048,10048,1.49677,0,1.4983839,10.34,1.127,0.036,9.537,0.305,8.4620,0.229,0.01,2,32.927586,2.0,0.6,1.49677,2.0E-5,125.1,4.9,0,1,0,1,H,0.44145,150.1964569091797,2.2838637828826904,0,NA,1,45,id_or_target,0
COS4_10056,COSMOS,COS4_10056,10056,2.56218,0,2.38861,11.12,0.545,0.016,4.376,0.128,8.0285,0.681,0.015,2,183.66832,2.0,1.7,2.56218,3.0E-5,84.5,7.3,0,1,0,0,K,0.38568,150.12136840820312,2.2851402759552,0,NA,0,NA,NA,0
COS4_10060,COSMOS,COS4_10060,10060,1.5136,0,1.5005884,9.76,0.322,0.01,2.726,0.085,8.4651,0.333,0.015,1,8.317638,1.0,0.5,1.5136,1.0E-5,77.9,3.4,2,1,0,0,H,0.38887,150.11981201171875,2.2825093269348145,0,NA,0,NA,NA,0
COS4_10344,COSMOS,COS4_10344,10344,1.5148,0,1.51306,9.96,0.273,0.01,2.311,0.085,8.4653,0.498,0.017,1,137.07594,5.0,0.1,1.5148,1.0E-5,43.4,3.0,0,1,1,0,H,0.4064,150.08587646484375,2.285374879837036,0,NA,0,NA,NA,0
COS4_10347,COSMOS,COS4_10347,10347,2.06329,0,2.0510623,10.76,0.497,0.006,4.145,0.050,8.3405,0.826,0.009,2,134.77032,2.0,1.2,2.06329,5.0E-5,111.0,7.7,0,1,0,0,K,0.35561,150.08343505859375,2.2857813835144043,0,NA,1,63,id_or_target,0
COS4_10393,COSMOS,COS3_10857,10393,0.95195,0,0.950269,10.1,0.398,0.004,3.149,0.032,7.9115,0.527,0.007,2,10.506771,2.0,0.6,0.95195,5.0E-5,79.7,12.2,2,1,0,0,YJ,0.45403,150.117431640625,2.2863218784332275,0,NA,0,NA,NA,0
COS4_10538,COSMOS,COS4_10538,10538,NA,0,0.91746,10.46,0.133,0.002,NA,NA,NA,0.873,0.012,2,0.057543993,1.0,0.1,0.91746,0.0,116.0,0.0,-2,1,0,0,YJ,0.45713,150.0795440673828,2.28776478767395,0,NA,0,NA,NA,0
COS4_10565,COSMOS,COS4_10565,10565,NA,0,2.41016,10.79,0.113,0.011,NA,NA,NA,0.996,0.039,2,0.12302687,1.0,0.0,2.41016,0.0,116.8,0.0,-2,1,0,0,K,0.39093,150.09423828125,2.287269353866577,0,NA,0,NA,NA,0
COS4_10613,COSMOS,COS4_10613,10613,1.00406,0,1.0047657,9.49,0.517,0.031,4.144,0.249,8.0163,0.426,0.018,1,2.3442287,1.0,0.2,1.00406,4.0E-5,279.8,14.0,2,1,0,0,YJ,0.45713,150.0966033935547,2.2878174781799316,0,NA,0,NA,NA,0
COS4_10740,COSMOS,COS4_10740,10740,0.82507,0,0.82759,9.31,0.229,0.011,1.737,0.083,7.5861,0.411,0.025,1,4.569787,2.0,0.0,0.82507,5.0E-5,74.1,19.8,0,1,0,0,YJ,0.46968,150.14920043945312,2.2891998291015625,0,NA,0,NA,NA,0
COS4_10750,COSMOS,COS4_10750,10750,NA,0,1.62873,10.61,0.541,0.056,NA,NA,NA,0.6,0.025,2,22.931168,2.0,0.7,1.62873,0.0,116.1,0.0,-2,1,0,0,H,0.58235,150.08486938476562,2.289673328399658,0,NA,0,NA,NA,0
COS4_10860,COSMOS,COS3_11324,10860,0.92715,0,0.925458,10.45,0.871,0.007,6.843,0.055,7.8561,0.231,0.005,2,74.49751,5.0,2.9,0.92715,4.0E-4,437.9,57.0,2,1,0,0,YJ,0.59692,150.1028594970703,2.292714834213257,0,NA,0,NA,NA,0
COS4_11142,COSMOS,COS4_11142,11142,NA,0,2.4563987,11.07,0.157,0.01,NA,NA,NA,0.549,0.025,2,0.23442288,1.0,0.0,NA,NA,NA,NA,-3,1,0,0,K,0.35561,150.0733184814453,2.293297290802002,0,NA,0,NA,NA,0
COS4_11333,COSMOS,COS3_11468,11333,0.88199,1,0.876056,10.8,0.474,0.005,3.671,0.039,7.7453,0.498,0.005,2,6.747449,2.0,0.9,0.88199,8.0E-5,224.4,29.4,2,1,0,0,YJ,0.46532,150.1520538330078,2.2964911460876465,0,NA,0,NA,NA,0
COS4_11343,COSMOS,COS4_11343,11343,1.64746,0,1.647457,9.89,0.473,0.011,4.007,0.093,8.4710,0.591,0.014,1,32.660385,2.0,0.4,1.64746,6.0E-5,103.8,9.3,2,1,0,0,H,0.38373,150.14688110351562,2.295287609100342,0,NA,0,NA,NA,0
COS4_11363,COSMOS,COS4_11363,11363,2.09625,1,2.113925,11.28,0.26,0.006,2.164,0.050,8.3235,0.791,0.012,2,435.71347,4.0,1.3,2.09625,1.6E-4,377.4,59.8,2,1,1,0,K,0.40013,150.11961364746094,2.2959482669830322,0,NA,0,NA,NA,0
COS4_11456,COSMOS,COS3_11933,11456,0.95033,0,0.950136,10.74,0.751,0.003,5.939,0.024,7.9080,0.39,0.003,2,69.571846,5.0,1.9,0.95033,8.0E-5,119.2,16.5,2,1,0,0,YJ,0.45403,150.10556030273438,2.297619342803955,0,NA,0,NA,NA,0
COS4_11606,COSMOS,COS4_11606,11606,1.64074,0,1.639541,9.88,0.227,0.008,1.923,0.068,8.4715,0.853,0.021,1,39.960953,2.0,0.6,1.64074,3.0E-5,99.8,8.4,0,1,1,0,H,0.44145,150.1769256591797,2.2981600761413574,0,NA,0,NA,NA,0
COS4_11609,COSMOS,COS4_11609,11609,1.63967,0,1.6359,9.44,0.411,0.029,3.482,0.246,8.4715,0.55,0.042,1,3.3884413,1.0,0.0,1.63967,3.0E-5,55.0,7.5,0,1,1,0,H,0.46549,150.17706298828125,2.297788619995117,0,NA,0,NA,NA,0
COS4_11696,COSMOS,COS4_11696,11696,1.51704,0,1.51999,10.25,0.157,0.004,1.329,0.034,8.4656,0.87,0.015,2,40.399155,2.0,0.9,1.51704,1.0E-5,78.8,1.3,0,1,1,0,H,0.44216,150.1356201171875,2.2988932132720947,0,NA,0,NA,NA,0
COS4_11827,COSMOS,COS4_11827,11827,1.33881,1,1.34433,10.55,0.449,0.009,3.773,0.076,8.4023,0.358,0.011,2,46.165222,4.0,1.7,1.33881,8.0E-5,175.5,18.1,0,1,0,0,H,0.58549,150.16026306152344,2.300158977508545,0,NA,0,NA,NA,0
COS4_12056,COSMOS,COS4_12056,12056,1.5999,0,1.62085,9.71,0.658,0.021,5.575,0.178,8.4724,0.561,0.02,1,9.332543,1.0,0.3,1.5999,3.0E-5,84.5,5.5,0,1,0,0,H,0.37863,150.13003540039062,2.302701473236084,0,NA,0,NA,NA,0
COS4_12057,COSMOS,COS4_12057,12057,NA,1,2.4112,11.18,0.095,0.006,NA,NA,NA,0.555,0.027,2,0.29512095,1.0,0.0,NA,NA,NA,NA,-3,1,0,0,K,0.39093,150.13363647460938,2.3028104305267334,0,NA,0,NA,NA,0
COS4_12148,COSMOS,COS4_12148,12148,2.46018,0,2.46049,10.22,0.107,0.004,0.867,0.032,8.0997,0.653,0.029,2,91.55177,2.0,0.7,2.46018,6.0E-5,140.7,16.6,0,1,0,0,K,0.39093,150.11874389648438,2.3026933670043945,0,NA,0,NA,NA,0
COS4_12157,COSMOS,COS4_12157,12157,1.49825,0,1.4998901,9.73,0.187,0.004,1.582,0.034,8.4623,0.609,0.019,1,4.073803,1.0,0.1,1.49825,1.0E-5,64.2,3.5,0,1,0,0,H,0.44145,150.18923950195312,2.302879571914673,0,NA,0,NA,NA,0
COS4_12470,COSMOS,COS3_13009,12470,0.94895,0,0.94886,10.17,0.721,0.01,5.699,0.079,7.9050,0.932,0.007,2,19.328825,2.0,0.9,0.94895,1.0E-5,43.5,3.0,2,1,0,3,YJ,0.45403,150.10049438476562,2.308016061782837,0,NA,0,NA,NA,0
COS4_12476,COSMOS,COS4_12476,12476,1.51431,0,1.5158503,10.05,0.223,0.005,1.888,0.042,8.4652,0.497,0.014,2,56.83476,2.0,0.5,1.51431,3.0E-5,129.7,4.9,0,1,1,0,H,0.47734,150.1151580810547,2.3068814277648926,0,NA,0,NA,NA,0
COS4_12497,COSMOS,COS4_12497,12497,1.51518,0,1.51683,9.75,0.245,0.007,2.074,0.059,8.4653,0.897,0.022,1,6.7608294,1.0,0.5,1.51518,2.0E-5,60.5,5.1,0,1,0,0,H,0.4064,150.11566162109375,2.3065075874328613,0,NA,0,NA,NA,0
COS4_12577,COSMOS,COS4_12577,12577,2.5367,0,2.3168478,10.69,0.332,0.041,2.671,0.330,8.0465,0.489,0.024,2,66.62999,2.0,0.6,2.5367,1.9E-4,159.8,41.4,2,1,0,0,K,0.38162,150.1343536376953,2.3073294162750244,0,NA,0,NA,NA,0
COS4_12633,COSMOS,COS3_12976,12633,0.89206,0,0.920516,10.03,1.315,0.019,10.219,0.148,7.7712,0.133,0.008,2,16.280243,5.0,2.1,0.89206,7.0E-5,135.6,10.0,0,1,0,0,YJ,0.46532,150.16775512695312,2.3140833377838135,0,NA,0,NA,NA,0
COS4_12656,COSMOS,COS4_12656,12656,NA,0,1.48682,10.41,0.285,0.01,NA,NA,NA,0.491,0.024,2,39.477417,2.0,0.8,1.48682,0.0,115.9,0.0,-2,1,1,0,H,0.40339,150.1260223388672,2.308053970336914,0,NA,0,NA,NA,0
COS4_12699,COSMOS,COS4_12699,12699,1.00334,0,1.00973,11.05,0.723,0.007,5.795,0.056,8.0150,0.334,0.003,2,38.91728,5.0,0.8,1.00334,2.5E-4,256.8,72.5,2,1,0,0,YJ,0.44453,150.08767700195312,2.31069278717041,0,NA,0,NA,NA,0
COS4_12782,COSMOS,COS3_13311,12782,0.89268,0,0.890444,9.82,0.641,0.006,4.982,0.047,7.7727,0.539,0.007,1,13.458633,4.0,1.0,0.89268,5.0E-5,124.8,7.4,0,1,0,0,YJ,0.44453,150.125,2.310288190841675,0,NA,0,NA,NA,0
COS4_12883,COSMOS,COS3_13440,12883,0.8341,0,0.828328,10.53,0.365,0.006,2.779,0.046,7.6129,0.706,0.008,2,1.7378008,1.0,0.5,0.8341,2.2E-4,153.1,51.1,2,1,0,0,YJ,0.46744,150.1296844482422,2.3112783432006836,0,NA,0,NA,NA,0
COS4_12891,COSMOS,COS4_12891,12891,1.49828,0,1.50302,9.62,0.322,0.01,2.725,0.085,8.4623,0.688,0.019,1,4.073803,1.0,0.0,1.49828,2.0E-5,94.2,6.5,0,1,0,0,H,0.38373,150.16481018066406,2.3109145164489746,0,NA,0,NA,NA,0
COS4_12995,COSMOS,COS4_12995,12995,2.44423,0,2.501486,11.18,0.165,0.005,1.338,0.041,8.1106,0.773,0.018,2,126.7207,2.0,0.3,2.44423,2.0E-4,56.0,38.0,2,1,0,0,K,0.35561,150.0996856689453,2.31181263923645,0,NA,0,NA,NA,0
COS4_13038,COSMOS,COS4_13038,13038,1.49815,0,1.4996507,10.31,0.349,0.008,2.953,0.068,8.4623,0.788,0.012,2,15.488168,1.0,0.9,1.49815,1.0E-5,69.5,2.2,0,1,0,0,H,0.44865,150.17723083496094,2.313044309616089,0,NA,0,NA,NA,0
COS4_13084,COSMOS,COS4_13084,13084,0.89285,0,0.89269,9.29,0.275,0.008,2.138,0.062,7.7732,0.621,0.02,1,1.7378008,1.0,0.3,0.89285,4.0E-5,83.4,10.6,0,1,0,0,YJ,0.46968,150.1649169921875,2.3130252361297607,0,NA,0,NA,NA,0
COS4_13174,COSMOS,COS4_13174,13174,2.09714,0,2.09478,11.03,0.753,0.026,6.267,0.216,8.3231,0.275,0.02,2,172.87996,2.0,1.9,2.09714,1.4E-4,255.1,24.4,2,1,0,0,K,0.40013,150.1122283935547,2.3139758110046387,0,NA,1,64,id_or_target,0
COS4_13527,COSMOS,COS4_13527,13527,NA,0,0.94449,9.35,0.705,0.024,NA,NA,NA,0.148,0.017,1,2.6915348,1.0,0.7,0.94449,0.0,114.8,0.0,-2,1,0,0,YJ,0.81126,150.0850067138672,2.3172998428344727,0,NA,0,NA,NA,0
COS4_13679,COSMOS,COS4_13679,13679,NA,0,1.00571,10.89,0.301,0.001,NA,NA,NA,0.419,0.003,2,0.15488166,1.0,0.3,1.00571,0.0,115.6,0.0,-2,1,0,0,YJ,0.44453,150.1173095703125,2.3200323581695557,0,NA,0,NA,NA,0
COS4_13701,COSMOS,COS4_13701,13701,2.16639,0,2.2144437,10.64,0.481,0.012,3.985,0.099,8.2853,0.63,0.012,2,82.74938,2.0,0.9,2.16639,1.0E-5,98.8,2.9,0,1,0,0,K,0.41532,150.1127166748047,2.31943941116333,0,NA,0,NA,NA,0
COS4_13748,COSMOS,COS4_13748,13748,1.52462,0,1.4875809,9.83,0.373,0.008,3.158,0.068,8.4668,0.501,0.012,1,85.617424,4.0,0.6,1.52462,1.0E-5,66.2,4.6,0,1,1,0,H,0.44145,150.19332885742188,2.3200595378875732,0,NA,0,NA,NA,0
COS4_13786,COSMOS,COS3_14411,13786,1.00387,0,1.00301,10.29,0.512,NA,4.104,NA,8.0160,0.362,NA,2,24.439743,5.0,2.0,1.00387,1.3E-4,140.8,24.5,2,1,0,0,YJ,0.40148,150.13645935058594,2.3205292224884033,0,NA,0,NA,NA,0
COS4_13813,COSMOS,COS4_13813,13813,1.52543,0,1.5243689,10.41,0.783,0.006,6.630,0.051,8.4669,0.537,0.016,2,77.60805,2.0,1.7,1.52543,4.0E-5,134.6,7.0,0,1,1,0,H,0.46549,150.19297790527344,2.320230484008789,0,NA,0,NA,NA,0
COS4_13837,COSMOS,COS4_13837,13837,NA,0,0.8355,11.16,0.498,0.006,NA,NA,NA,0.901,0.004,2,0.19054607,1.0,0.2,0.8355,0.0,112.2,0.0,-2,1,0,0,YJ,0.46968,150.15292358398438,2.322899341583252,0,NA,0,NA,NA,0
COS4_13890,COSMOS,COS4_13890,13890,1.52566,0,1.5209974,11.33,0.683,0.009,5.783,0.076,8.4669,0.687,0.006,2,133.51901,5.0,1.1,1.52566,5.1E-4,292.7,84.5,2,1,0,0,H,0.44145,150.18763732910156,2.3224966526031494,0,NA,1,49,id_or_target,0
COS4_13901,COSMOS,COS3_15115,13901,0.68378,0,0.831955,11.08,1.064,0.004,7.531,0.028,7.0784,0.613,0.002,2,5.461968,2.0,0.4,0.68378,1.4E-4,165.2,23.2,2,1,0,0,YJ,0.41555,150.16604614257812,2.3319644927978516,0,NA,0,NA,NA,0
COS4_14160,COSMOS,COS3_14812,14160,0.83632,0,0.836019,10.52,0.308,0.002,2.347,0.015,7.6194,0.784,0.005,2,14.697267,4.0,0.5,0.83632,2.0E-5,71.6,6.6,0,1,0,0,YJ,0.46926,150.14857482910156,2.3246312141418457,0,NA,0,NA,NA,0
COS4_14180,COSMOS,COS4_14180,14180,2.21895,0,2.22381,10.09,0.481,0.03,3.971,0.248,8.2548,0.505,0.021,2,15.135611,1.0,0.5,2.21895,3.0E-5,99.2,7.6,0,1,0,0,K,0.33158,150.066650390625,2.3243086338043213,0,NA,0,NA,NA,0
COS4_14331,COSMOS,COS4_14331,14331,0.82952,0,0.82485,10.61,0.133,0.001,1.011,0.008,7.5994,0.846,0.008,2,0.40738028,1.0,0.0,0.82952,0.0,114.4,0.0,-1,1,0,0,YJ,0.44453,150.0684814453125,2.3265252113342285,0,NA,0,NA,NA,0
COS4_14400,COSMOS,COS3_15061,14400,0.89937,0,0.900568,10.3,0.374,0.002,2.913,0.016,7.7895,0.886,0.004,2,29.88057,5.0,1.8,0.89937,3.0E-5,124.1,4.8,2,1,0,0,YJ,0.44817,150.1173095703125,2.3271217346191406,0,NA,0,NA,NA,0
COS4_14445,COSMOS,COS4_14445,14445,NA,0,0.8853,10.54,0.114,0.002,NA,NA,NA,0.715,0.011,2,0.33884415,1.0,0.3,0.8853,0.0,114.7,0.0,-2,1,0,0,YJ,0.45119,150.12049865722656,2.327685832977295,0,NA,0,NA,NA,0
COS4_14530,COSMOS,COS4_14530,14530,0.89286,0,0.89743,9.37,0.432,0.012,3.358,0.093,7.7732,0.266,0.015,1,4.265795,1.0,1.3,0.89286,3.0E-5,49.0,6.9,2,1,0,0,YJ,0.40049,150.0985870361328,2.327996253967285,0,NA,0,NA,NA,0
COS4_14596,COSMOS,COS4_14596,14596,2.44557,0,2.4583561,11.68,0.163,0.01,1.322,0.081,8.1097,0.468,0.012,1,240.9075,5.0,0.0,2.44557,9.0E-5,285.7,45.0,0,1,0,0,K,0.33158,150.06455993652344,2.3290350437164307,0,NA,0,NA,NA,0
COS4_15095,COSMOS,COS3_15804,15095,0.89894,0,0.895636,9.59,0.279,0.005,2.173,0.039,7.7884,0.613,0.013,1,2.9512093,1.0,0.8,0.89894,2.0E-5,46.3,4.5,2,1,0,0,YJ,0.38607,150.121337890625,2.334155559539795,0,NA,0,NA,NA,0
COS4_15372,COSMOS,COS4_15372,15372,0.74901,0,0.79499,9.2,0.482,0.013,3.535,0.095,7.3345,0.345,0.015,1,0.4466836,1.0,0.0,0.74901,5.0E-5,0.0,19.6,0,1,0,0,YJ,0.39917,150.13333129882812,2.3370163440704346,0,NA,0,NA,NA,0
COS4_15617,COSMOS,COS4_15617,15617,0.88338,0,0.88891,9.22,0.364,0.007,2.821,0.054,7.7489,0.329,0.014,1,3.8904512,1.0,0.7,0.88338,3.0E-5,101.6,6.8,0,1,0,0,YJ,0.45212,150.1387481689453,2.339381217956543,0,NA,0,NA,NA,0
COS4_15698,COSMOS,COS4_15698,15698,1.0301,1,1.03094,10.42,0.152,0.003,1.226,0.024,8.0633,0.918,0.013,2,0.2630268,1.0,0.1,1.0301,1.9E-4,213.9,46.4,2,1,0,2,YJ,0.45454,150.1283721923828,2.3408000469207764,0,NA,0,NA,NA,0
COS4_15813,COSMOS,COS4_15813,15813,2.35916,0,2.369955,10.57,0.3,0.005,2.450,0.041,8.1673,0.543,0.012,2,68.16764,2.0,1.1,2.35916,3.0E-5,99.5,6.3,0,1,0,0,K,0.47734,150.14578247070312,2.3413193225860596,0,NA,0,NA,NA,0
COS4_15820,COSMOS,COS4_15820,15820,2.09069,0,2.1716807,10.41,0.486,0.008,4.047,0.067,8.3265,0.865,0.01,2,38.15338,2.0,0.7,2.09069,1.0E-5,83.5,3.8,0,1,0,0,K,0.33158,150.06484985351562,2.3416028022766113,0,NA,0,NA,NA,0
COS4_16172,COSMOS,COS3_16954,16172,1.03041,0,1.03038,10.74,0.863,0.005,6.959,0.040,8.0638,0.656,0.003,2,96.15455,5.0,1.7,1.03041,1.0E-5,148.8,3.3,2,1,0,0,YJ,0.47759,150.10350036621094,2.346135377883911,1,13,1,30,id_or_target,0
COS4_16227,COSMOS,COS4_16227,16227,0.79632,0,0.7972,9.7,0.903,0.018,6.769,0.135,7.4965,0.68,0.007,1,18.588951,5.0,2.0,0.79632,4.0E-5,93.9,8.2,0,1,0,3,YJ,0.3637,150.07366943359375,2.3468239307403564,0,NA,0,NA,NA,0
COS4_16342,COSMOS,COS4_16342,16342,2.46853,0,2.44069,10.88,0.614,0.008,4.970,0.065,8.0940,0.959,0.055,2,88.63449,2.0,1.1,2.46853,2.0E-5,87.8,5.1,0,1,0,0,K,0.47734,150.12252807617188,2.3471179008483887,0,NA,0,NA,NA,0
COS4_16369,COSMOS,COS4_16369,16369,1.49962,0,1.4999201,9.83,0.461,0.012,3.901,0.102,8.4626,0.707,0.015,1,5.1286135,1.0,0.2,1.49962,5.0E-5,60.4,7.1,0,1,0,1,H,0.46549,150.17710876464844,2.3469440937042236,0,NA,0,NA,NA,0
COS4_16501,COSMOS,COS4_16501,16501,NA,0,1.6265934,10.27,0.265,0.016,NA,NA,NA,0.785,0.023,2,53.531525,4.0,1.3,NA,NA,NA,NA,-3,1,0,0,H,0.47734,150.11024475097656,2.3481180667877197,0,NA,0,NA,NA,0
COS4_16547,COSMOS,COS4_16547,16547,1.52883,0,1.47936,10.15,0.437,0.018,3.700,0.152,8.4674,0.47,0.017,2,6.1659503,1.0,0.8,1.52883,3.0E-5,112.4,6.0,0,1,0,0,H,0.42673,150.10687255859375,2.3487906455993652,0,NA,0,NA,NA,0
COS4_16609,COSMOS,COS4_16609,16609,2.55316,0,2.4934063,10.66,0.331,0.056,2.660,0.450,8.0349,0.726,0.023,2,114.09077,2.0,1.1,2.55316,1.9E-4,228.6,47.4,2,1,1,0,K,0.39928,150.08807373046875,2.3502933979034424,0,NA,0,NA,NA,0
COS4_16864,COSMOS,COS3_17635,16864,0.90083,0,0.915395,10.1,0.383,0.005,2.985,0.039,7.7931,0.775,0.009,2,6.465831,2.0,0.8,0.90083,2.4E-4,106.5,28.5,2,1,0,0,YJ,0.49001,150.1728057861328,2.352216958999634,0,NA,0,NA,NA,0
COS4_16986,COSMOS,COS4_16986,16986,0.90567,0,0.90694,9.12,0.094,0.004,0.734,0.031,7.8050,0.56,0.03,1,9.332543,1.0,0.7,0.90567,1.0E-5,76.2,3.1,2,1,0,0,YJ,0.3637,150.08602905273438,2.352809429168701,0,NA,0,NA,NA,0
COS4_17162,COSMOS,COS4_17162,17162,1.65516,0,1.6578,9.98,0.225,0.005,1.906,0.042,8.4705,0.565,0.015,2,113.22691,4.0,0.6,1.65516,1.0E-5,105.0,2.8,0,1,0,0,H,0.45325,150.1513214111328,2.354804515838623,0,NA,0,NA,NA,0
COS4_17235,COSMOS,COS4_17235,17235,NA,0,0.77358,9.4,0.627,0.02,NA,NA,NA,0.505,0.015,1,2.3988328,1.0,0.5,0.77358,0.0,114.2,0.0,-2,1,0,0,YJ,0.81126,150.0958709716797,2.3559982776641846,0,NA,0,NA,NA,0
COS4_17237,COSMOS,COS4_17237,17237,1.33411,0,1.3455,9.98,0.533,0.007,4.477,0.059,8.3996,0.399,0.009,2,17.378008,1.0,1.1,1.33411,6.0E-5,104.5,10.3,0,1,0,0,H,0.46885,150.13626098632812,2.3553545475006104,0,NA,0,NA,NA,0
COS4_17395,COSMOS,COS4_17395,17395,1.03111,0,1.03196,9.49,0.212,0.006,1.710,0.048,8.0650,0.46,0.022,1,2.3442287,1.0,0.7,1.03111,5.0E-5,57.5,25.8,0,1,0,0,YJ,0.83022,150.12303161621094,2.3567283153533936,0,NA,0,NA,NA,0
COS4_17519,COSMOS,COS4_17519,17519,1.70782,0,1.62479,10.38,0.392,0.006,3.318,0.051,8.4643,0.776,0.011,2,114.06194,5.0,1.2,1.70782,2.0E-5,133.3,4.6,0,1,0,0,H,0.47403,150.15362548828125,2.358384132385254,0,NA,0,NA,NA,0
COS4_17600,COSMOS,COS4_17600,17600,2.46703,0,2.59628,10.43,0.244,0.012,1.975,0.097,8.0950,0.629,0.025,1,138.34589,2.0,0.8,2.46703,1.1E-4,157.2,1.8,0,1,1,0,K,0.39843,150.0948028564453,2.3590586185455322,0,NA,0,NA,NA,0
COS4_17628,COSMOS,COS3_18434,17628,0.90736,0,0.907343,10.77,0.543,0.003,4.240,0.023,7.8092,0.848,0.003,2,52.450047,5.0,1.3,0.90736,2.0E-5,100.9,3.4,2,1,0,0,YJ,0.47058,150.07176208496094,2.361018180847168,0,NA,1,20,id_or_target,0
COS4_17641,COSMOS,COS4_17641,17641,NA,0,1.51055,10.76,0.134,0.004,NA,NA,NA,0.873,0.018,2,0.11481536,1.0,0.0,1.51055,0.0,115.7,0.0,-2,1,0,0,H,0.45189,150.09664916992188,2.3596866130828857,0,NA,0,NA,NA,0
COS4_17657,COSMOS,COS3_18471,17657,0.89962,0,0.895875,10.31,0.485,0.003,3.778,0.023,7.7901,0.875,0.004,2,31.84986,4.0,1.0,0.89962,0.0,51.8,1.5,2,1,0,0,YJ,0.41555,150.17471313476562,2.3607749938964844,0,NA,0,NA,NA,0
COS4_17808,COSMOS,COS4_17808,17808,1.58837,0,1.4914213,10.72,0.381,0.005,3.228,0.042,8.4722,0.831,0.009,2,91.56655,4.0,1.4,1.58837,2.0E-5,95.8,2.8,0,1,0,0,H,0.46549,150.17282104492188,2.3614096641540527,0,NA,1,52,id_or_target,0
COS4_17997,COSMOS,COS4_17997,17997,NA,0,1.64323,10.48,0.274,0.013,NA,NA,NA,0.927,0.023,2,0.24547088,1.0,0.0,1.64323,0.0,116.9,0.0,-2,1,1,1,H,0.42673,150.08392333984375,2.3632423877716064,0,NA,0,NA,NA,0
COS4_18064,COSMOS,COS4_18064,18064,1.65341,0,1.63926,9.95,0.215,0.003,1.821,0.025,8.4706,0.77,0.014,1,22.908678,1.0,0.6,1.65341,2.0E-5,165.9,4.6,0,1,1,0,H,0.41258,150.05784606933594,2.363771915435791,0,NA,0,NA,NA,0
COS4_18209,COSMOS,COS4_18209,18209,2.08685,0,2.08021,10.05,0.394,0.047,3.281,0.391,8.3284,0.713,0.032,2,23.44229,1.0,0.8,2.08685,9.0E-5,95.2,15.6,0,1,0,0,K,0.40711,150.083984375,2.3648383617401123,0,NA,0,NA,NA,0
COS4_18358,COSMOS,COS4_18358,18358,1.64846,0,1.64587,9.61,0.258,0.008,2.186,0.068,8.4710,0.589,0.02,1,10.471285,1.0,0.0,1.64846,1.0E-5,70.2,2.9,0,1,0,0,H,0.45574,150.16712951660156,2.366795063018799,0,NA,0,NA,NA,0
COS4_18417,COSMOS,COS4_18417,18417,0.93707,0,0.9377,9.81,0.682,0.006,5.373,0.047,7.8787,0.247,0.006,1,35.264675,2.0,2.2,0.93707,6.0E-5,169.9,10.2,2,1,0,1,YJ,0.83022,150.1428985595703,2.367882251739502,0,NA,0,NA,NA,0
COS4_18435,COSMOS,COS4_18435,18435,1.42947,0,1.4242,10.37,0.322,0.004,2.719,0.034,8.4437,0.617,0.01,2,25.880526,2.0,1.7,1.42947,2.0E-5,127.3,3.4,0,1,0,0,H,0.4595,150.14834594726562,2.367413282394409,0,NA,0,NA,NA,0
COS4_18604,COSMOS,COS4_18604,18604,2.00523,0,2.005566,10.06,0.338,0.007,2.829,0.059,8.3685,0.425,0.015,2,33.73717,2.0,0.7,2.00523,5.0E-5,108.6,16.1,0,1,0,0,K,0.40477,150.13232421875,2.3689329624176025,0,NA,0,NA,NA,0
COS4_18644,COSMOS,COS3_19485,18644,0.95322,0,0.943623,9.85,0.735,0.013,5.817,0.103,7.9142,0.472,0.011,1,2.2908678,1.0,0.1,0.95322,3.0E-5,93.0,5.0,2,1,0,0,YJ,0.47759,150.1591796875,2.3697872161865234,0,NA,0,NA,NA,0
COS4_18709,COSMOS,COS4_18709,18709,1.65331,0,1.55359,9.98,0.511,0.037,4.328,0.313,8.4706,0.371,0.02,1,25.674248,2.0,0.4,1.65331,4.0E-5,118.2,14.8,2,1,1,0,H,0.45325,150.0768585205078,2.3700997829437256,0,NA,0,NA,NA,0
COS4_18795,COSMOS,COS4_18795,18795,1.60158,0,1.49927,10.1,0.421,0.011,3.567,0.093,8.4725,0.328,0.015,2,15.135611,1.0,1.2,1.60158,8.0E-5,114.3,16.0,2,1,0,0,H,0.47511,150.130859375,2.37089204788208,0,NA,0,NA,NA,0
COS4_18859,COSMOS,COS4_18859,18859,NA,1,2.6421146,10.78,0.101,0.003,NA,NA,NA,0.516,0.025,1,72.443596,1.0,1.1,NA,NA,NA,NA,-3,1,0,0,K,0.4194,150.0864715576172,2.3714675903320312,0,NA,0,NA,NA,0
COS4_18952,COSMOS,COS4_18952,18952,NA,0,1.6233414,10.7,0.105,0.003,NA,NA,NA,0.475,0.023,2,0.09772372,1.0,0.2,1.62334,0.0,115.6,0.0,-2,1,0,0,H,0.45209,150.13026428222656,2.3721704483032227,0,NA,0,NA,NA,0
COS4_18969,COSMOS,COS4_18969,18969,1.4048,0,1.387581,10.54,0.58,0.007,4.892,0.059,8.4345,0.791,0.008,2,26.707481,2.0,0.8,1.4048,0.0,40.6,1.7,0,1,0,0,H,0.49598,150.1428985595703,2.373258352279663,0,NA,0,NA,NA,0
COS4_18977,COSMOS,COS4_18977,18977,NA,0,2.08414,10.62,0.077,0.004,NA,NA,NA,0.678,0.037,2,9.120108,1.0,1.0,2.08414,0.0,114.8,0.0,-2,1,0,0,K,0.41849,150.14651489257812,2.372312545776367,0,NA,0,NA,NA,0
COS4_19016,COSMOS,COS4_19016,19016,0.88869,0,0.89175,9.78,0.169,0.007,1.312,0.054,7.7626,0.616,0.025,1,0.30902955,1.0,0.5,0.88869,9.0E-5,116.3,26.0,2,1,0,0,YJ,0.81126,150.0545196533203,2.3726308345794678,0,NA,0,NA,NA,0
COS4_19049,COSMOS,COS4_19049,19049,1.36808,0,1.36684,10.03,0.263,0.008,2.214,0.067,8.4180,0.852,0.022,1,3.7153523,1.0,0.9,1.36808,4.0E-5,101.1,9.7,0,1,0,0,H,0.49598,150.13888549804688,2.3733737468719482,0,NA,0,NA,NA,0
COS4_19066,COSMOS,COS3_19935,19066,0.92675,0,0.907852,10.32,0.584,0.006,4.587,0.047,7.8551,0.521,0.006,2,14.464424,2.0,1.2,0.92675,7.0E-5,132.2,18.4,2,1,0,0,YJ,0.41241,150.16908264160156,2.3745615482330322,0,NA,0,NA,NA,0
COS4_19090,COSMOS,COS4_19090,19090,NA,0,2.2796507,11.2,0.217,0.008,NA,NA,NA,0.742,0.018,2,66.56617,2.0,0.5,NA,NA,NA,NA,-3,1,0,0,K,0.4013,150.11117553710938,2.3732988834381104,0,NA,0,NA,NA,0
COS4_19313,COSMOS,COS4_19313,19313,0.9024,1,0.8971371,10.62,0.273,0.004,2.129,0.031,7.7970,0.312,0.008,2,5.8611155,2.0,0.6,0.9024,0.0,114.2,0.0,-1,1,0,0,YJ,0.65437,150.13999938964844,2.375976085662842,0,NA,0,NA,NA,0
COS4_19499,COSMOS,COS4_19499,19499,2.53037,1,2.4583738,11.05,0.123,0.005,0.990,0.040,8.0510,0.706,0.025,2,0.22387213,1.0,0.0,2.53037,2.3E-4,23.5,46.6,2,1,0,0,K,0.39928,150.11009216308594,2.3773248195648193,0,NA,0,NA,NA,0
COS4_19563,COSMOS,COS4_19563,19563,2.01017,0,2.0130472,10.01,0.289,0.013,2.418,0.109,8.3662,0.565,0.021,2,12.302689,1.0,0.4,2.01017,4.0E-5,54.0,12.1,0,1,0,0,K,0.56344,150.14517211914062,2.3781845569610596,0,NA,0,NA,NA,0
COS4_19630,COSMOS,COS4_19630,19630,1.49742,1,1.49674,10.11,0.196,0.008,1.659,0.068,8.4621,0.771,0.025,2,2.8840315,1.0,1.1,1.49742,9.0E-5,116.4,17.6,2,1,0,0,H,0.44413,150.0958251953125,2.378723621368408,0,NA,0,NA,NA,0
COS4_19648,COSMOS,COS4_19648,19648,0.88931,0,0.8893116,10.63,0.568,0.003,4.410,0.023,7.7642,0.822,0.003,2,43.436573,2.0,1.3,0.88931,1.0E-5,94.6,3.3,0,1,0,0,YJ,0.7262,150.10577392578125,2.3802411556243896,0,NA,0,NA,NA,0
COS4_19667,COSMOS,COS3_20572,19667,0.89123,0,0.899831,10.16,0.377,0.003,2.929,0.023,7.7691,0.4,0.005,2,16.484999,2.0,1.6,0.89123,3.0E-5,139.4,5.6,0,1,0,0,YJ,0.39797,150.09959411621094,2.3797478675842285,0,NA,0,NA,NA,0
COS4_19680,COSMOS,COS4_19680,19680,2.16603,0,2.1735458,10.85,0.29,0.005,2.403,0.041,8.2855,0.824,0.012,2,128.86792,4.0,1.3,2.16603,1.0E-5,77.8,2.4,0,1,0,0,K,0.39956,150.0752716064453,2.3794050216674805,0,NA,0,NA,NA,0
COS4_19753,COSMOS,COS4_19753,19753,2.46886,0,2.5997405,10.51,0.502,0.009,4.063,0.073,8.0937,0.705,0.012,1,136.5464,2.0,0.7,2.46886,2.0E-5,98.4,3.7,0,1,0,0,K,0.40711,150.0757598876953,2.3806440830230713,0,NA,1,99,id_or_target,0
COS4_19780,COSMOS,COS4_19780,19780,0.88928,0,0.88985,9.28,0.408,0.013,3.168,0.101,7.7641,0.248,0.011,1,69.10239,5.0,0.8,0.88928,1.0E-5,96.2,4.6,0,1,0,0,YJ,0.33167,150.10592651367188,2.380141258239746,0,NA,0,NA,NA,0
COS4_19796,COSMOS,COS4_19796,19796,NA,0,1.27164,11.15,0.198,0.002,NA,NA,NA,0.458,0.006,2,0.2818383,1.0,0.0,1.27164,0.0,113.6,0.0,-2,1,0,0,H,0.44774,150.1248016357422,2.382291793823242,0,NA,0,NA,NA,0
COS4_20007,COSMOS,COS4_20007,20007,1.76886,0,1.61823,9.89,1.005,0.101,8.495,0.854,8.4525,0.234,0.026,1,25.752094,2.0,0.8,1.76886,1.7E-4,216.1,43.6,2,1,0,0,H,0.45496,150.1483612060547,2.3830740451812744,0,NA,0,NA,NA,0
COS4_20122,COSMOS,COS4_20122,20122,0.95325,0,0.94644,9.91,0.783,0.023,6.197,0.182,7.9143,0.613,0.013,1,3.3884413,1.0,0.3,0.95325,3.0E-5,82.7,8.3,2,1,1,0,YJ,0.83022,150.1636505126953,2.3848636150360107,0,NA,0,NA,NA,0
COS4_20342,COSMOS,COS4_20342,20342,0.81781,1,0.94352,11.17,1.106,0.009,8.366,0.068,7.5641,0.798,0.004,2,11.429361,2.0,1.4,0.81781,1.1E-4,142.7,40.8,2,1,0,0,YJ,0.7262,150.0616455078125,2.3880536556243896,0,NA,0,NA,NA,0
COS4_20347,COSMOS,COS4_20347,20347,0.93884,0,0.94,10.3,0.313,0.003,2.467,0.024,7.8826,0.733,0.006,2,57.695072,5.0,1.8,0.93884,4.0E-5,126.8,5.4,2,1,0,0,YJ,0.7262,150.116943359375,2.386927843093872,0,NA,0,NA,NA,0
COS4_20449,COSMOS,COS4_20449,20449,1.65593,0,1.6586432,10.04,0.399,0.008,3.380,0.068,8.4704,0.81,0.012,2,13.182568,1.0,0.4,1.65593,1.0E-5,71.0,3.6,0,1,0,0,H,0.47305,150.11769104003906,2.387669801712036,0,NA,0,NA,NA,0
COS4_20531,COSMOS,COS3_21481,20531,0.89313,0,0.891471,9.88,0.237,0.003,1.842,0.023,7.7739,0.894,0.01,1,11.448198,2.0,0.6,0.89313,1.0E-5,76.3,2.2,0,1,0,0,YJ,0.4771,150.1395721435547,2.388577699661255,0,NA,0,NA,NA,0
COS4_20537,COSMOS,COS4_20537,20537,0.88281,1,0.89553,10.51,0.146,0.003,1.131,0.023,7.7475,0.543,0.013,2,0.041686937,1.0,0.1,0.88281,2.5E-4,330.3,52.4,2,1,0,0,YJ,0.35079,150.1654510498047,2.3893024921417236,0,NA,0,NA,NA,0
COS4_20565,COSMOS,COS3_21530,20565,0.89053,0,0.887216,11.01,0.887,0.006,6.890,0.047,7.7673,0.476,0.003,2,15.708607,5.0,0.7,0.89053,0.0,115.0,0.0,-1,1,0,0,YJ,0.42981,150.11904907226562,2.3913040161132812,0,NA,0,NA,NA,0
COS4_20595,COSMOS,COS4_20595,20595,1.65469,0,1.6617754,10.08,0.293,0.004,2.482,0.034,8.4705,0.518,0.01,2,17.782795,1.0,0.2,1.65469,1.0E-5,88.0,2.0,0,1,0,0,H,0.45843,150.16400146484375,2.3890697956085205,0,NA,0,NA,NA,0
COS4_20612,COSMOS,COS3_21569,20612,0.90029,0,0.897449,11.15,0.66,0.004,5.143,0.031,7.7918,0.461,0.003,2,17.303528,5.0,0.9,0.90029,2.4E-4,231.8,48.9,2,1,0,0,YJ,0.46364,150.1593780517578,2.3910632133483887,0,NA,0,NA,NA,0
COS4_20618,COSMOS,COS3_21583,20618,0.90165,0,0.894011,10.46,0.556,0.006,4.334,0.047,7.7952,0.723,0.005,2,28.441013,4.0,0.4,0.90165,1.0E-5,100.4,2.2,2,1,0,0,YJ,0.78356,150.15438842773438,2.3912556171417236,0,NA,0,NA,NA,0
COS4_20631,COSMOS,COS4_20631,20631,1.5102,0,1.5104535,11.0,0.553,0.009,4.681,0.076,8.4645,0.486,0.007,2,94.26673,5.0,1.2,1.5102,1.0E-4,218.5,20.0,2,1,0,0,H,0.44506,150.1769561767578,2.390092134475708,0,NA,0,NA,NA,0
COS4_20746,COSMOS,COS4_20746,20746,2.00698,0,2.00783,10.07,0.168,0.004,1.406,0.033,8.3677,0.789,0.022,2,20.892963,1.0,0.7,2.00698,8.0E-5,98.4,24.2,0,1,0,0,K,0.40477,150.16152954101562,2.3909525871276855,0,NA,0,NA,NA,0
COS4_20839,COSMOS,COS4_20839,20839,0.89133,0,0.8908,11.12,0.679,0.006,5.275,0.047,7.7693,0.745,0.004,2,15.342936,2.0,0.7,0.89133,1.1E-4,225.0,30.3,2,1,0,0,YJ,0.77656,150.12179565429688,2.3945770263671875,0,NA,0,NA,NA,0
COS4_20910,COSMOS,COS3_21876,20910,0.88989,0,0.88976,10.95,0.73,0.006,5.669,0.047,7.7657,0.747,0.004,2,16.139936,2.0,0.5,0.88989,1.8E-4,137.0,25.7,0,1,0,0,YJ,0.47058,150.07748413085938,2.3945562839508057,0,NA,0,NA,NA,0
COS4_21030,COSMOS,COS4_21030,21030,0.89219,0,0.89175,10.74,0.501,0.01,3.894,0.078,7.7715,0.696,0.007,2,0.09120109,1.0,0.5,0.89219,3.7E-4,204.5,38.8,2,1,1,0,YJ,0.4619,150.06781005859375,2.395690679550171,0,NA,0,NA,NA,0
COS4_21072,COSMOS,COS4_21072,21072,NA,0,0.9035212,10.59,0.388,0.004,NA,NA,NA,0.357,0.006,2,0.07762471,1.0,0.2,NA,NA,NA,NA,-3,1,0,0,YJ,0.51667,150.15664672851562,2.3953099250793457,0,NA,0,NA,NA,0
COS4_21318,COSMOS,COS4_21318,21318,NA,0,0.90789,10.69,0.586,0.011,NA,NA,NA,0.412,0.007,2,5.8331146,2.0,1.1,0.90789,0.0,115.7,0.0,-2,1,0,0,YJ,0.77656,150.0619354248047,2.399165630340576,0,NA,0,NA,NA,0
COS4_21400,COSMOS,COS4_21400,21400,NA,0,0.89553,10.3,0.084,0.001,NA,NA,NA,0.65,0.015,2,0.03311311,1.0,0.1,0.89553,0.0,113.7,0.0,-2,1,0,0,YJ,0.79932,150.14503479003906,2.3977229595184326,0,NA,0,NA,NA,0
COS4_21492,COSMOS,COS4_21492,21492,2.47159,0,2.4706678,10.99,0.047,0.0,0.380,0.000,8.0919,0.826,0.008,2,406.37323,2.0,1.0,2.47159,5.0E-5,429.1,10.4,0,1,0,0,K,0.39956,150.091552734375,2.39904522895813,0,NA,0,NA,NA,0
COS4_21541,COSMOS,COS4_21541,21541,2.58285,1,2.50112,11.08,0.087,0.003,0.697,0.024,8.0138,0.242,0.031,1,1.1748976,1.0,0.5,2.58285,2.3E-4,0.0,38.8,2,1,0,0,K,0.40207,150.09336853027344,2.3986260890960693,0,NA,0,NA,NA,0
COS4_21570,COSMOS,COS4_21570,21570,2.17125,0,2.173,10.3,0.268,0.004,2.220,0.033,8.2825,0.396,0.011,2,17.782795,1.0,0.2,2.17125,1.0E-5,93.9,3.9,0,1,0,0,K,0.41576,150.10824584960938,2.3993008136749268,0,NA,0,NA,NA,0
COS4_21622,COSMOS,COS4_21622,21622,1.31194,1,1.37026,10.37,0.077,0.003,0.646,0.025,8.3858,0.816,0.028,2,0.038904518,1.0,0.0,1.31194,9.0E-5,102.2,18.2,2,1,0,0,H,0.44195,150.11529541015625,2.3997139930725098,0,NA,0,NA,NA,0
COS4_21786,COSMOS,COS4_21786,21786,0.90452,0,0.90885,9.53,0.445,0.009,3.472,0.070,7.8022,0.487,0.012,1,5.5961256,2.0,0.3,0.90452,1.0E-5,53.5,2.5,2,1,0,0,YJ,0.41012,150.14605712890625,2.402039051055908,0,NA,0,NA,NA,0
COS4_21860,COSMOS,COS3_22850,21860,NA,1,0.898904,10.58,0.153,0.003,NA,NA,NA,0.977,0.01,2,3.1575031,2.0,0.5,0.8989,0.0,113.5,0.0,-2,1,1,0,YJ,0.50457,150.15109252929688,2.4034531116485596,0,NA,0,NA,NA,0
COS4_21904,COSMOS,COS3_22796,21904,0.91423,0,0.906835,10.32,1.075,0.015,8.413,0.117,7.8257,0.536,0.007,2,9.805362,2.0,0.3,0.91423,3.0E-5,120.0,6.1,2,1,0,0,YJ,0.39886,150.07936096191406,2.4054603576660156,1,10,1,22,id_or_target,0
COS4_21907,COSMOS,COS4_21907,21907,NA,0,0.88419,10.8,0.426,0.005,NA,NA,NA,0.614,0.005,2,0.12589255,1.0,0.2,0.88419,0.0,115.6,0.0,-2,1,0,0,YJ,0.84258,150.06060791015625,2.406472682952881,0,NA,0,NA,NA,0
COS4_22100,COSMOS,COS3_23099,22100,0.89271,0,0.892656,10.71,1.036,0.014,8.053,0.109,7.7728,0.609,0.006,2,26.437391,5.0,0.7,0.89271,3.3E-4,170.9,43.0,2,1,0,0,YJ,0.78356,150.0650634765625,2.405989646911621,0,NA,0,NA,NA,0
COS4_22119,COSMOS,COS4_22119,22119,0.89207,0,0.88797,10.2,0.335,0.006,2.603,0.047,7.7712,0.839,0.008,2,2.2908678,1.0,0.6,0.89207,8.0E-5,159.7,20.8,2,1,0,0,YJ,0.7262,150.06556701660156,2.40570330619812,0,NA,0,NA,NA,0
COS4_22205,COSMOS,COS3_23213,22205,0.90018,0,0.9006,10.79,0.329,0.003,2.563,0.023,7.7915,0.896,0.005,2,10.474526,2.0,0.6,0.90018,6.0E-5,135.1,10.3,2,1,0,0,YJ,0.4619,150.1396026611328,2.4070611000061035,0,NA,0,NA,NA,0
COS4_22217,COSMOS,COS4_22217,22217,NA,0,0.82942,10.67,0.379,0.005,NA,NA,NA,0.672,0.007,2,0.012882496,1.0,0.1,0.82942,0.0,113.3,0.0,-2,1,0,0,YJ,0.76904,150.15744018554688,2.406496047973633,0,NA,0,NA,NA,0
COS4_22414,COSMOS,COS3_23424,22414,0.88999,0,0.893264,9.84,0.63,0.009,4.893,0.070,7.7659,0.197,0.007,1,12.166985,4.0,1.0,0.88999,8.0E-5,105.6,10.5,0,1,0,0,YJ,0.71767,150.0794219970703,2.4084622859954834,0,NA,0,NA,NA,0
COS4_22437,COSMOS,COS3_23443,22437,0.88964,0,0.891321,10.72,0.75,0.006,5.824,0.047,7.7650,0.6,0.004,2,19.066439,2.0,0.9,0.88964,3.0E-5,125.9,19.6,0,1,0,0,YJ,0.71767,150.06414794921875,2.4096152782440186,0,NA,0,NA,NA,0
COS4_22564,COSMOS,COS4_22564,22564,2.46914,0,2.60372,10.83,0.496,0.013,4.014,0.105,8.0935,0.672,0.012,1,177.82794,1.0,1.0,2.46914,5.0E-5,79.2,15.4,0,1,0,0,K,0.54805,150.07318115234375,2.411832094192505,0,NA,0,NA,NA,0
COS4_22686,COSMOS,COS4_22686,22686,NA,0,0.89933,10.33,0.213,0.004,NA,NA,NA,0.927,0.01,2,23.705023,5.0,0.5,0.89933,0.0,113.0,0.0,-2,1,0,0,YJ,0.76904,150.1522216796875,2.411405324935913,0,NA,0,NA,NA,0
COS4_22809,COSMOS,COS4_22809,22809,NA,0,1.27277,9.91,0.435,0.018,NA,NA,NA,0.701,0.019,1,4.073803,1.0,0.5,1.27277,0.0,112.1,0.0,-2,1,0,0,H,0.44513,150.07188415527344,2.4127554893493652,0,NA,0,NA,NA,0
COS4_22929,COSMOS,COS3_23999,22929,0.89672,0,0.896114,10.52,0.628,0.014,4.888,0.109,7.7829,0.904,0.006,2,28.583853,5.0,0.9,0.89672,0.0,33.3,2.1,2,1,0,0,YJ,0.72993,150.1462860107422,2.4148054122924805,0,NA,0,NA,NA,0
COS4_22995,COSMOS,COS4_22995,22995,2.46786,0,2.4513514,11.13,0.149,0.004,1.206,0.032,8.0944,0.627,0.018,2,196.12567,5.0,0.8,2.46786,4.0E-5,119.5,7.6,0,1,0,0,K,0.40162,150.07147216796875,2.4145331382751465,0,NA,0,NA,NA,0
COS4_23070,COSMOS,COS4_23070,23070,0.83691,0,0.8374,9.43,0.265,0.002,2.020,0.015,7.6211,0.672,0.005,1,30.433987,4.0,0.4,0.83691,0.0,73.5,1.0,0,1,0,0,YJ,0.4619,150.11854553222656,2.4155690670013428,0,NA,0,NA,NA,0
COS4_23139,COSMOS,COS4_23139,23139,0.89285,0,0.90503,9.57,0.654,0.033,5.084,0.257,7.7732,0.591,0.017,1,9.505443,2.0,1.0,0.89285,3.0E-5,52.5,6.7,0,1,0,0,YJ,0.53834,150.09432983398438,2.4165337085723877,0,NA,0,NA,NA,0
COS4_23287,COSMOS,COS4_23287,23287,1.49583,0,1.49927,9.76,0.22,0.004,1.862,0.034,8.4618,0.508,0.016,1,6.918309,1.0,0.3,1.49583,2.0E-5,69.5,4.3,0,1,0,0,H,0.44628,150.07659912109375,2.4171316623687744,0,NA,0,NA,NA,0
COS4_23391,COSMOS,COS4_23391,23391,NA,0,1.50929,10.63,0.557,0.036,NA,NA,NA,0.273,0.021,2,4.265795,1.0,1.8,1.50929,0.0,114.8,0.0,-2,1,0,0,H,0.44609,150.12779235839844,2.4183998107910156,0,NA,0,NA,NA,0
COS4_23734,COSMOS,COS4_23734,23734,2.06025,0,2.00864,11.02,0.374,0.029,3.120,0.242,8.3420,0.925,0.023,2,177.91815,2.0,1.3,2.06025,1.2E-4,222.2,38.2,2,1,0,0,K,0.40477,150.1417694091797,2.4222726821899414,0,NA,0,NA,NA,0
COS4_23890,COSMOS,COS3_25038,23890,0.8521,0,0.8528,10.83,1.01,0.006,7.741,0.046,7.6646,0.79,0.003,2,25.21822,5.0,0.8,0.8521,3.0E-5,127.9,4.8,0,1,0,0,YJ,0.71767,150.12298583984375,2.4266653060913086,0,NA,0,NA,NA,0
COS4_24012,COSMOS,COS4_24012,24012,1.53116,0,1.63267,10.17,0.54,0.015,4.573,0.127,8.4677,0.256,0.016,2,65.97544,2.0,1.6,1.53116,4.0E-5,117.5,8.3,0,1,0,0,H,0.45961,150.06768798828125,2.4259886741638184,0,NA,1,51,id_or_target,0
COS4_24021,COSMOS,COS3_25156,24021,0.89209,0,0.898994,10.29,0.608,0.009,4.725,0.070,7.7713,0.52,0.007,2,1.2589254,1.0,0.5,0.89209,3.0E-4,137.9,29.5,2,1,0,0,YJ,0.71767,150.103271484375,2.4272103309631348,0,NA,0,NA,NA,0
COS4_24028,COSMOS,COS4_24028,24028,NA,0,0.8915103,11.13,0.5,0.005,NA,NA,NA,0.819,0.004,2,0.037153527,1.0,0.2,0.89151,0.0,113.7,0.0,-2,1,0,0,YJ,0.55725,150.07952880859375,2.4300169944763184,0,NA,0,NA,NA,0
COS4_24164,COSMOS,COS4_24164,24164,0.83119,0,0.81939,9.34,0.488,0.009,3.711,0.068,7.6043,0.282,0.012,1,1.9054607,1.0,0.2,0.83119,6.0E-5,80.2,13.4,0,1,0,0,YJ,0.79932,150.153564453125,2.4273414611816406,0,NA,0,NA,NA,0
COS4_24210,COSMOS,COS4_24210,24210,NA,0,0.88514,10.61,0.234,0.004,NA,NA,NA,0.461,0.01,2,0.011220183,1.0,0.3,0.88514,0.0,114.3,0.0,-2,1,0,0,YJ,0.66573,150.08937072753906,2.429476737976074,0,NA,0,NA,NA,0
COS4_24367,COSMOS,COS4_24367,24367,NA,0,0.89175,10.57,0.278,0.005,NA,NA,NA,0.588,0.008,2,0.3715352,1.0,0.5,0.89175,0.0,114.5,0.0,-2,1,0,0,YJ,0.81484,150.0975799560547,2.4310076236724854,0,NA,0,NA,NA,0
COS4_24701,COSMOS,COS4_24701,24701,2.51321,0,2.59232,11.02,0.39,0.015,3.145,0.121,8.0630,0.785,0.024,1,1201.958,5.0,2.6,2.51321,1.4E-4,185.2,32.3,2,1,0,0,K,0.40477,150.13900756835938,2.4337494373321533,0,NA,0,NA,NA,0
COS4_24738,COSMOS,COS4_24738,24738,1.58875,0,1.5888813,10.02,0.312,0.015,2.643,0.127,8.4722,0.656,0.022,1,14.125375,1.0,0.8,1.58875,3.0E-5,108.8,4.8,0,1,0,0,H,0.45926,150.13833618164062,2.4341142177581787,0,NA,0,NA,NA,0
COS4_24763,COSMOS,COS4_24763,24763,2.46428,0,2.493107,10.44,0.606,0.016,4.907,0.130,8.0969,0.267,0.015,2,68.81327,2.0,0.8,2.46428,1.7E-4,134.6,30.3,2,1,0,0,K,0.40109,150.05670166015625,2.4346628189086914,0,NA,0,NA,NA,0
COS4_24878,COSMOS,COS4_24878,24878,1.59315,1,1.65117,10.21,0.455,0.023,3.855,0.195,8.4723,0.573,0.023,2,40.775772,2.0,0.6,1.59315,1.8E-4,127.6,40.1,2,1,0,0,H,0.44684,150.090087890625,2.436161518096924,0,NA,0,NA,NA,0
COS4_24973,COSMOS,COS4_24973,24973,0.89892,0,0.90694,9.72,0.368,0.007,2.866,0.055,7.7884,0.805,0.013,1,3.4630706,2.0,0.2,0.89892,4.0E-5,9.0,6.2,2,1,0,0,YJ,0.79932,150.13766479492188,2.437164783477783,0,NA,0,NA,NA,0
COS4_25085,COSMOS,COS4_25085,25085,NA,0,0.80399,9.28,0.548,0.015,NA,NA,NA,0.214,0.015,1,2.2908678,1.0,0.9,0.80399,0.0,114.8,0.0,-2,1,0,0,YJ,0.81484,150.1022491455078,2.4388904571533203,0,NA,0,NA,NA,0
COS4_25147,COSMOS,COS4_25147,25147,1.64361,0,1.51306,10.3,0.419,0.02,3.549,0.169,8.4713,0.375,0.022,2,28.953161,2.0,1.5,1.64361,1.6E-4,137.8,37.6,2,1,0,0,H,0.44684,150.11087036132812,2.439011812210083,0,NA,0,NA,NA,0
COS4_25229,COSMOS,COS4_25229,25229,2.18076,0,2.182,10.04,0.148,0.004,1.225,0.033,8.2771,0.662,0.021,2,19.952621,1.0,0.4,2.18076,1.0E-5,79.3,3.6,0,1,0,0,K,0.40203,150.10841369628906,2.4397149085998535,0,NA,0,NA,NA,0
COS4_25353,COSMOS,COS3_26546,25353,0.89718,0,0.897389,10.75,0.687,0.005,5.348,0.039,7.7841,0.911,0.003,2,52.457607,5.0,1.2,0.89718,0.0,48.0,1.5,2,1,0,0,YJ,0.72993,150.15347290039062,2.443082094192505,0,NA,0,NA,NA,0
COS4_25458,COSMOS,COS4_25458,25458,NA,0,0.8999,10.8,0.583,0.005,NA,NA,NA,0.54,0.004,2,0.63095737,1.0,1.5,NA,NA,NA,NA,-3,1,0,0,YJ,0.55725,150.14166259765625,2.4460439682006836,0,NA,0,NA,NA,0
COS4_25477,COSMOS,COS4_25477,25477,1.3549649,1,1.60648,10.99,0.19,0.003,1.598,0.025,8.4112,0.384,0.012,2,0.9772372,1.0,0.8,1.3549649,2.8E-4,240.2,62.1,2,1,0,0,H,0.45887,150.1232147216797,2.4432361125946045,0,NA,0,NA,NA,0
COS4_25850,COSMOS,COS4_25850,25850,1.59942,0,1.6261,10.1,0.161,0.005,1.364,0.042,8.4724,0.77,0.022,2,5.3703184,1.0,0.5,1.59942,2.0E-5,82.6,6.3,0,1,0,0,H,0.45961,150.12582397460938,2.4470648765563965,0,NA,0,NA,NA,0
COS4_25855,COSMOS,COS3_27071,25855,1.02807,0,1.023,10.07,0.411,0.005,3.313,0.040,8.0598,0.621,0.009,2,14.43761,2.0,1.2,1.02807,3.7E-4,89.1,21.2,0,1,0,0,YJ,0.71767,150.07180786132812,2.447511911392212,0,NA,0,NA,NA,0
COS4_25969,COSMOS,COS4_25969,25969,NA,0,0.895,10.98,0.486,0.006,NA,NA,NA,0.519,0.005,2,0.12589255,1.0,0.1,0.895,0.0,113.0,0.0,-2,1,0,0,YJ,0.79932,150.15115356445312,2.4512813091278076,0,NA,0,NA,NA,0
COS4_26272,COSMOS,COS4_26272,26272,0.74718,1,0.77624,9.15,0.396,0.015,2.902,0.110,7.3279,0.472,0.021,1,0.61659503,1.0,0.2,0.74718,1.0E-4,0.0,32.3,2,1,0,0,YJ,0.81484,150.1226043701172,2.4520723819732666,0,NA,0,NA,NA,0
COS4_26338,COSMOS,COS4_26338,26338,1.5972776,0,1.62216,11.17,0.527,0.029,4.465,0.246,8.4724,0.443,0.022,2,101.8191,2.0,2.4,1.5972776,2.0E-4,292.2,34.7,2,1,0,0,H,0.45961,150.11138916015625,2.452995777130127,0,NA,0,NA,NA,0
COS4_26395,COSMOS,COS4_26395,26395,0.83193,1,0.83308,10.59,0.401,0.008,3.050,0.061,7.6065,0.664,0.008,2,0.2570396,1.0,0.1,0.83193,6.0E-5,0.0,33.8,2,1,0,0,YJ,0.79932,150.1520233154297,2.455310583114624,0,NA,0,NA,NA,0
COS4_26507,COSMOS,COS4_26507,26507,0.83685,0,0.82668,9.4,0.506,0.016,3.856,0.122,7.6210,0.609,0.019,1,1.2302688,1.0,0.2,0.83685,1.0E-4,48.6,23.5,0,1,0,0,YJ,0.81484,150.0762939453125,2.4550869464874268,0,NA,0,NA,NA,0
COS4_26659,COSMOS,COS3_27918,26659,NA,0,0.921702,9.8,0.952,0.038,NA,NA,NA,0.709,0.017,1,2.1877615,1.0,0.3,NA,NA,NA,NA,-3,1,0,0,YJ,0.47058,150.1076202392578,2.4577016830444336,0,NA,0,NA,NA,0
COS4_27120,COSMOS,COS4_27120,27120,2.47796,0,2.4902341,10.17,0.349,0.023,2.823,0.186,8.0875,0.557,0.026,1,30.902954,1.0,0.5,2.47796,3.0E-5,146.4,9.7,2,1,0,0,K,0.40162,150.10031127929688,2.4625585079193115,0,NA,0,NA,NA,0
COS4_27785,COSMOS,COS4_27785,27785,0.8962,0,0.89269,10.75,0.625,0.005,4.864,0.039,7.7816,0.619,0.004,2,36.61366,5.0,1.3,0.8962,4.0E-5,195.6,8.3,0,1,0,0,YJ,0.79932,150.1475830078125,2.4726030826568604,0,NA,0,NA,NA,0
COS4_27827,COSMOS,COS4_27827,27827,NA,0,0.80219,10.07,0.505,0.009,NA,NA,NA,0.291,0.011,2,8.1165905,2.0,1.4,NA,NA,NA,NA,-3,1,0,0,YJ,0.81484,150.1211395263672,2.472210645675659,0,NA,0,NA,NA,0
GS4_00984,GOODS-S,GS4_00984,984,0.73229,0,0.7334,9.48,0.607,0.019,4.415,0.138,7.2727,0.768,0.014,1,2.9519167,2.0,0.6,0.73229,2.0E-5,60.4,3.7,0,1,0,0,YJ,0.43656,53.096561431884766,-27.928110122680664,0,NA,1,6,id_or_target,0
GS4_01323,GOODS-S,GS4_01323,1323,1.01539,0,1.017,10.46,0.39,0.006,3.135,0.048,8.0372,0.503,0.008,2,11.901297,5.0,0.6,1.01539,1.3E-4,111.5,32.2,2,1,0,0,YJ,0.43656,53.105323791503906,-27.923381805419922,0,NA,0,NA,NA,0
GS4_01529,GOODS-S,GS4_01529,1529,2.12224,0,2.122,10.55,0.461,0.012,3.831,0.100,8.3097,0.825,0.022,2,653.55365,5.0,0.9,2.12224,2.4E-4,326.8,80.8,0,1,0,1,K,0.6332,53.17991256713867,-27.920753479003906,0,NA,1,65,id_or_target,0
GS4_01962,GOODS-S,GS4_01962,1962,1.34238,0,1.34433,9.46,0.18,0.006,1.513,0.050,8.4043,0.692,0.027,1,4.168694,1.0,0.0,1.34238,2.0E-5,70.1,2.7,0,1,0,0,H,0.37088,53.126922607421875,-27.914976119995117,0,NA,0,NA,NA,0
GS4_01994,GOODS-S,GS4_01994,1994,1.55141,0,1.552,9.93,0.538,0.044,4.557,0.373,8.4700,0.46,0.023,1,6.4565425,1.0,0.1,1.55141,1.0E-5,81.4,2.1,0,1,0,1,H,0.54763,53.19538116455078,-27.913619995117188,0,NA,0,NA,NA,0
GS4_02383,GOODS-S,GS4_02383,2383,1.6216536,0,1.6259251,11.2,0.281,0.011,2.381,0.093,8.4723,0.007,0.008,2,1.5848932,1.0,0.6,1.6216536,4.3E-4,332.3,83.0,2,1,0,0,H,0.54763,53.21122360229492,-27.908300399780273,0,NA,0,NA,NA,0
GS4_02478,GOODS-S,GS4_02478,2478,1.4127,0,1.428,9.57,0.106,0.006,0.894,0.051,8.4376,0.703,0.045,1,15.971771,2.0,0.1,1.4127,4.0E-5,33.8,11.9,0,1,0,0,H,0.86195,53.14686965942383,-27.90904426574707,0,NA,0,NA,NA,0
GS4_02503,GOODS-S,GS4_02503,2503,NA,0,1.519,11.21,0.323,0.002,NA,NA,NA,0.474,0.004,2,126.817375,5.0,0.0,NA,NA,NA,NA,-3,1,0,0,H,0.37088,53.09640121459961,-27.907222747802734,0,NA,0,NA,NA,0
GS4_02523,GOODS-S,GS4_02523,2523,1.61169,0,1.466703,10.68,0.649,0.007,5.499,0.059,8.4724,0.753,0.01,2,41.876915,5.0,1.0,1.61169,1.0E-5,84.7,5.2,0,1,0,1,H,0.42262,53.148345947265625,-27.90819549560547,0,NA,0,NA,NA,0
GS4_02585,GOODS-S,GS4_02585,2585,NA,0,2.2314,10.58,0.042,0.002,NA,NA,NA,0.733,0.049,2,0.38018942,1.0,0.1,NA,NA,NA,NA,-3,1,0,0,K,0.52435,53.129947662353516,-27.908153533935547,0,NA,0,NA,NA,0
GS4_02941,GOODS-S,GS4_02941,2941,1.37935,0,1.378,10.64,0.225,0.004,1.895,0.034,8.4234,0.594,0.013,2,47.23449,5.0,1.6,1.37935,1.0E-4,154.7,12.4,0,1,0,0,H,0.6332,53.18853759765625,-27.904125213623047,0,NA,0,NA,NA,0
GS4_03171,GOODS-S,GS4_03171,3171,1.01678,1,1.012,10.53,0.488,0.008,3.923,0.064,8.0397,0.796,0.008,2,11.22129,4.0,0.9,1.01678,1.2E-4,8.4,33.5,0,1,0,0,YJ,0.43246,53.151222229003906,-27.90123176574707,0,NA,0,NA,NA,0
GS4_03186,GOODS-S,GS4_03186,3186,0.82327,0,0.8233,10.03,0.521,0.006,3.950,0.045,7.5807,0.396,0.008,1,12.409409,4.0,1.6,0.82327,1.0E-4,98.0,24.9,2,1,0,0,YJ,0.53086,53.1418571472168,-27.90190315246582,0,NA,0,NA,NA,0
GS4_03228,GOODS-S,GS4_03228,3228,0.8224987,0,0.79948,9.51,0.877,0.028,6.646,0.212,7.5783,0.173,0.014,1,9.776238,5.0,2.4,0.8224987,3.1E-4,224.9,35.5,2,1,0,0,YJ,0.43656,53.123207092285156,-27.90134620666504,1,7,1,15,id_or_target,0
GS4_03349,GOODS-S,GS4_03349,3349,NA,0,2.03817,10.29,0.205,0.006,NA,NA,NA,0.515,0.022,2,28.5476,2.0,1.4,NA,NA,NA,NA,-3,1,0,0,K,0.5387,53.18549728393555,-27.90118408203125,0,NA,0,NA,NA,0
GS4_03860,GOODS-S,GS4_03860,3860,0.83253,1,0.833,11.17,0.671,0.006,5.105,0.046,7.6083,0.587,0.004,2,9.238443,5.0,1.0,0.83253,2.4E-4,0.0,55.3,0,1,0,0,YJ,0.46402,53.105018615722656,-27.89305305480957,0,NA,0,NA,NA,0
GS4_03943,GOODS-S,GS4_03943,3943,0.9766,0,0.972,10.09,0.174,0.001,1.386,0.008,7.9630,0.867,0.006,1,17.123762,5.0,1.1,0.9766,0.0,65.3,1.6,0,1,0,0,YJ,0.44123,53.170021057128906,-27.89542007446289,0,NA,0,NA,NA,0
GS4_03969,GOODS-S,GS4_03969,3969,0.83156,1,0.83158,10.0,0.172,0.006,1.308,0.046,7.6054,0.764,0.025,1,0.28840312,1.0,0.7,0.83156,1.9E-4,48.6,36.4,0,1,0,0,YJ,0.6455,53.0794677734375,-27.89545249938965,0,NA,0,NA,NA,0
GS4_04505,GOODS-S,GS4_04505,4505,1.38142,0,1.382,11.0,0.589,0.009,4.962,0.076,8.4244,0.458,0.011,2,290.30823,5.0,2.3,1.38142,4.0E-5,163.3,9.2,0,1,0,0,H,0.54763,53.1930046081543,-27.890840530395508,0,NA,0,NA,NA,0
GS4_04556,GOODS-S,GS4_04556,4556,NA,0,1.61562,10.56,0.102,0.004,NA,NA,NA,0.809,0.03,2,0.01,1.0,0.2,NA,NA,NA,NA,-3,1,0,0,H,0.37088,53.115779876708984,-27.891395568847656,0,NA,0,NA,NA,0
GS4_05030,GOODS-S,GS4_05030,5030,1.3803,0,1.38,10.84,0.309,0.006,2.603,0.051,8.4239,0.428,0.01,2,1.3182567,1.0,0.3,1.3803,2.0E-4,169.0,41.6,2,1,0,0,H,0.60815,53.162681579589844,-27.887365341186523,0,NA,0,NA,NA,0
GS4_05141,GOODS-S,GS4_05141,5141,1.01639,0,1.017,10.18,0.483,0.007,3.883,0.056,8.0390,0.459,0.01,2,10.4568205,5.0,1.4,1.01639,9.0E-5,89.2,15.6,0,1,0,0,YJ,0.55327,53.1270866394043,-27.88673210144043,0,NA,0,NA,NA,0
GS4_05828,GOODS-S,GS4_05828,5828,2.38047,0,2.47045,10.15,0.194,0.009,1.582,0.073,8.1533,0.822,0.035,2,25.703957,1.0,0.9,2.38047,3.0E-5,68.0,5.8,0,1,0,0,K,0.45763,53.237640380859375,-27.88307762145996,0,NA,0,NA,NA,0
GS4_05881,GOODS-S,GS4_05881,5881,0.99027,0,0.9897,9.78,0.831,0.013,6.640,0.104,7.9900,0.355,0.007,1,18.809767,5.0,1.7,0.99027,1.0E-5,129.6,6.9,0,1,0,0,YJ,0.48125,53.07148361206055,-27.880964279174805,1,12,1,26,id_or_target,0
GS4_05979,GOODS-S,GS3_04744,5979,2.39283,0,2.3923,10.32,0.21,0.01,1.710,0.081,8.1451,0.598,0.032,2,47.302483,2.0,0.8,2.39283,4.0E-5,103.2,8.4,0,1,0,0,K,0.6332,53.134727478027344,-27.882278442382812,0,NA,0,NA,NA,0
GS4_06077,GOODS-S,GS4_06077,6077,1.38164,0,1.38333,10.33,0.371,0.009,3.125,0.076,8.4245,0.899,0.012,2,19.329638,2.0,0.8,1.38164,2.0E-5,77.2,5.4,2,1,0,0,H,0.37088,53.096988677978516,-27.881553649902344,0,NA,0,NA,NA,0
GS4_06209,GOODS-S,GS4_06209,6209,1.01607,0,1.017,10.25,0.205,0.012,1.648,0.096,8.0384,0.893,0.018,2,0.26915348,1.0,0.3,1.01607,7.0E-5,112.9,14.7,2,1,0,0,YJ,0.55327,53.124698638916016,-27.881214141845703,0,NA,0,NA,NA,0
GS4_06494,GOODS-S,GS4_06494,6494,NA,0,0.853,10.53,0.262,0.005,NA,NA,NA,0.276,0.011,2,6.8219934,5.0,0.7,0.853,0.0,113.6,0.0,-2,1,0,0,YJ,0.47594,53.20970153808594,-27.879676818847656,0,NA,0,NA,NA,0
GS4_06595,GOODS-S,GS4_06595,6595,1.53952,0,1.51683,10.49,0.477,0.009,4.040,0.076,8.4687,0.746,0.01,2,37.02765,2.0,1.0,1.53952,2.0E-5,86.1,8.1,0,1,0,0,H,0.55327,53.09209060668945,-27.8791561126709,0,NA,0,NA,NA,0
GS4_06654,GOODS-S,GS3_05165,6654,2.52374,0,2.52254,10.22,0.861,0.049,6.936,0.395,8.0556,0.217,0.015,1,58.103058,2.0,0.4,2.52374,4.0E-5,63.4,7.4,0,1,0,0,K,0.50299,53.124027252197266,-27.878564834594727,0,NA,0,NA,NA,0
GS4_07134,GOODS-S,GS4_07134,7134,0.78207,0,0.7818,9.46,0.445,0.01,3.315,0.074,7.4497,0.865,0.011,1,2.6547894,2.0,0.4,0.78207,3.0E-5,64.5,8.2,0,1,0,0,YJ,0.42938,53.14657974243164,-27.876710891723633,0,NA,0,NA,NA,0
GS4_07457,GOODS-S,GS4_07457,7457,1.6132,0,1.624,11.18,0.923,0.032,7.820,0.271,8.4724,0.306,0.014,2,61.980206,5.0,1.0,1.6132,2.6E-4,212.1,48.7,0,1,0,0,H,0.44071,53.18245315551758,-27.875303268432617,0,NA,0,NA,NA,0
GS4_07558,GOODS-S,GS4_07558,7558,NA,0,2.328389,11.16,0.236,0.017,NA,NA,NA,0.608,0.033,1,1.4454398,1.0,0.5,NA,NA,NA,NA,-3,1,0,0,K,0.5387,53.225196838378906,-27.87381362915039,0,NA,0,NA,NA,0
GS4_07584,GOODS-S,GS4_07584,7584,1.55063,0,1.551,9.93,0.393,0.01,3.329,0.085,8.4699,0.287,0.016,2,15.391502,2.0,0.8,1.55063,7.0E-5,214.0,24.7,2,1,1,0,H,0.54763,53.22237777709961,-27.873571395874023,0,NA,0,NA,NA,0
GS4_07912,GOODS-S,GS4_07912,7912,0.98145,0,0.9811,9.79,0.675,0.014,5.382,0.112,7.9727,0.259,0.01,1,13.058813,2.0,0.6,0.98145,3.0E-5,81.1,9.4,0,1,0,0,YJ,0.56589,53.19117736816406,-27.87293243408203,0,NA,0,NA,NA,0
GS4_08097,GOODS-S,GS4_08097,8097,NA,0,0.78,11.2,1.029,0.007,NA,NA,NA,0.797,0.002,2,4.387436,2.0,0.3,NA,NA,NA,NA,-3,1,0,0,YJ,0.46966,53.173431396484375,-27.8659725189209,0,NA,0,NA,NA,0
GS4_08256,GOODS-S,GS4_08256,8256,1.38185,0,1.38333,10.1,0.301,0.003,2.536,0.025,8.4246,0.378,0.008,2,18.557104,2.0,0.8,1.38185,1.5E-4,135.3,31.3,2,1,0,0,H,0.37894,53.16241455078125,-27.87066650390625,0,NA,0,NA,NA,0
GS4_08294,GOODS-S,GS4_08294,8294,NA,1,1.01275,10.26,0.09,0.002,NA,NA,NA,0.907,0.018,2,0.023442289,1.0,0.0,1.01275,0.0,113.6,0.0,-2,1,0,0,YJ,0.55327,53.10031509399414,-27.870731353759766,0,NA,0,NA,NA,0
GS4_08422,GOODS-S,GS4_08422,8422,1.61036,0,1.603,11.45,0.073,0.001,0.618,0.008,8.4724,0.818,0.011,2,99.86076,5.0,1.2,1.61036,7.0E-5,351.8,13.5,0,1,0,0,H,0.6332,53.1573371887207,-27.870084762573242,0,NA,0,NA,NA,0
GS4_08603,GOODS-S,GS4_08603,8603,2.58282,0,2.5973363,10.48,0.415,0.019,3.326,0.152,8.0138,0.562,0.02,1,66.532,2.0,0.9,2.58282,1.2E-4,142.4,29.0,0,1,0,0,K,0.5387,53.22534942626953,-27.86918830871582,0,NA,0,NA,NA,0
GS4_09422,GOODS-S,GS4_09422,9422,0.76188,0,0.76209,9.01,0.354,0.007,2.613,0.052,7.3805,0.306,0.012,1,1.5848932,1.0,0.5,0.76188,0.0,113.4,0.0,-1,1,0,0,YJ,0.42338,53.07604217529297,-27.865381240844727,0,NA,0,NA,NA,0
GS4_09639,GOODS-S,GS4_09639,9639,1.38201,0,1.38333,9.72,0.508,0.012,4.280,0.101,8.4246,0.637,0.014,1,19.062721,2.0,0.3,1.38201,2.0E-5,79.9,4.8,0,1,0,0,H,0.65394,53.1794548034668,-27.865339279174805,0,NA,0,NA,NA,0
GS4_09989,GOODS-S,GS4_09989,9989,0.83193,0,0.827,9.65,0.3,0.003,2.282,0.023,7.6065,0.605,0.007,1,12.604177,4.0,0.8,0.83193,1.0E-5,71.5,3.0,0,1,0,0,YJ,0.55327,53.0893440246582,-27.864410400390625,0,NA,0,NA,NA,0
GS4_10259,GOODS-S,GS4_10259,10259,NA,0,0.88,10.04,0.194,0.004,NA,NA,NA,0.856,0.014,2,0.021877619,1.0,0.0,NA,NA,NA,NA,-3,1,0,0,YJ,0.43613,53.175655364990234,-27.86231231689453,0,NA,0,NA,NA,0
GS4_10394,GOODS-S,GS4_10394,10394,0.90482,0,0.90313,9.45,0.164,0.002,1.280,0.016,7.8030,0.934,0.01,1,3.0902956,1.0,0.5,0.90482,9.0E-5,36.3,9.3,2,1,0,0,YJ,0.38925,53.09743118286133,-27.861743927001953,0,NA,0,NA,NA,0
GS4_10500,GOODS-S,GS3_07445,10500,2.52547,0,2.53435,10.41,0.44,0.011,3.544,0.089,8.0544,0.537,0.013,1,75.83283,2.0,0.7,2.52547,8.0E-5,158.1,28.8,0,1,0,0,K,0.50884,53.119197845458984,-27.86115074157715,0,NA,0,NA,NA,0
GS4_10536,GOODS-S,GS4_10536,10536,NA,0,1.63399,10.5,0.079,0.002,NA,NA,NA,0.896,0.019,2,0.063095726,1.0,0.0,NA,NA,NA,NA,-3,1,0,0,H,0.37088,53.10364532470703,-27.861059188842773,0,NA,0,NA,NA,0
GS4_10566,GOODS-S,GS4_10566,10566,0.99645,0,0.99727,9.9,0.197,0.002,1.576,0.016,8.0020,0.653,0.008,1,6.8495584,4.0,0.3,0.99645,1.0E-5,64.1,2.9,0,1,0,0,YJ,0.44123,53.13542938232422,-27.86134910583496,0,NA,0,NA,NA,0
GS4_10784,GOODS-S,GS4_10784,10784,1.38137,0,1.382,10.08,0.329,0.007,2.772,0.059,8.4243,0.618,0.009,2,18.338367,4.0,0.5,1.38137,2.0E-5,81.7,2.2,0,1,0,0,H,0.4513,53.1309814453125,-27.86040687561035,0,NA,0,NA,NA,0
GS4_11016,GOODS-S,GS3_07562,11016,2.03606,0,2.15143,11.24,0.766,0.039,6.399,0.326,8.3539,0.578,0.01,2,93.22532,4.0,1.3,2.03606,2.7E-4,311.2,58.8,2,1,0,0,K,0.52914,53.07731246948242,-27.859573364257812,0,NA,0,NA,NA,0
GS4_11184,GOODS-S,GS4_11184,11184,0.73621,0,0.77447,9.44,0.819,0.016,5.968,0.117,7.2874,0.372,0.009,1,0.7943282,1.0,0.2,0.73621,9.0E-5,66.4,24.0,2,1,0,0,YJ,0.39998,53.11369705200195,-27.85881805419922,0,NA,0,NA,NA,0
GS4_11203,GOODS-S,GS4_11203,11203,1.61432,0,1.615,9.96,0.118,0.003,1.000,0.025,8.4724,0.684,0.019,2,19.476639,2.0,0.6,1.61432,2.0E-5,77.7,3.7,0,1,0,0,H,0.61836,53.150856018066406,-27.858312606811523,0,NA,0,NA,NA,0
GS4_11433,GOODS-S,GS4_11433,11433,1.61331,0,1.46576,10.6,0.328,0.003,2.779,0.025,8.4724,0.569,0.007,2,79.06255,5.0,1.7,1.61331,8.0E-5,171.2,12.9,0,1,0,0,H,0.37894,53.15070724487305,-27.85735321044922,0,NA,0,NA,NA,0
GS4_11678,GOODS-S,GS3_08024,11678,1.99577,0,1.99605,9.79,0.133,0.003,1.114,0.025,8.3728,0.75,0.017,2,29.18244,2.0,0.2,1.99577,3.0E-5,84.9,9.2,0,1,0,0,K,0.52914,53.17087173461914,-27.856245040893555,0,NA,0,NA,NA,0
GS4_11937,GOODS-S,GS4_11937,11937,NA,0,1.0014762,10.28,0.283,0.005,NA,NA,NA,0.31,0.009,2,0.08128305,1.0,0.5,NA,NA,NA,NA,-3,1,0,0,YJ,0.50556,53.16297149658203,-27.855192184448242,0,NA,0,NA,NA,0
GS4_12401,GOODS-S,GS4_12401,12401,1.00183,0,1.002,10.83,0.465,0.004,3.726,0.032,8.0122,0.942,0.004,2,54.59942,5.0,1.8,1.00183,4.0E-5,82.4,8.9,0,1,0,0,YJ,0.47594,53.22026824951172,-27.854082107543945,0,NA,0,NA,NA,0
GS4_12434,GOODS-S,GS4_12434,12434,NA,0,1.64323,10.67,0.886,NA,NA,NA,NA,0.204,NA,2,27.53356,4.0,2.2,1.64323,0.0,115.6,0.0,-2,1,0,1,H,0.84374,53.228111267089844,-27.85382080078125,0,NA,0,NA,NA,0
GS4_12912,GOODS-S,GS4_12912,12912,0.90417,0,0.905,9.84,0.341,0.002,2.660,0.016,7.8014,0.585,0.005,1,4.66308,2.0,1.3,0.90417,8.0E-5,90.7,14.7,2,1,0,0,YJ,0.4318,53.09552764892578,-27.851276397705078,0,NA,0,NA,NA,0
GS4_13063,GOODS-S,GS4_13063,13063,1.01616,0,1.018,10.55,0.138,0.002,1.109,0.016,8.0386,0.378,0.01,1,2.673957,2.0,0.9,1.01616,1.0E-4,146.0,16.4,0,1,0,0,YJ,0.55327,53.04999923706055,-27.851173400878906,0,NA,0,NA,NA,0
GS4_13126,GOODS-S,GS4_13126,13126,0.98991,0,0.99,9.7,0.268,0.002,2.141,0.016,7.9893,0.302,0.006,1,34.992096,5.0,2.0,0.98991,5.0E-5,182.4,13.9,0,1,0,0,YJ,0.46189,53.07076644897461,-27.85066795349121,0,NA,0,NA,NA,0
GS4_13143,GOODS-S,GS4_13143,13143,0.76014,0,0.76192,9.82,0.695,0.005,5.125,0.037,7.3743,0.32,0.004,1,4.520807,2.0,1.6,0.76014,4.0E-5,101.0,7.9,0,1,0,1,YJ,0.4318,53.08810043334961,-27.85064125061035,1,5,1,8,id_or_target,0
GS4_13920,GOODS-S,GS4_13920,13920,1.01472,0,1.015,10.95,0.961,0.005,7.723,0.040,8.0360,0.657,0.002,2,19.83937,5.0,0.9,1.01472,5.0E-5,76.9,10.0,0,1,0,0,YJ,0.60688,53.16188049316406,-27.845834732055664,0,NA,0,NA,NA,0
GS4_14070,GOODS-S,GS4_14070,14070,2.30645,0,2.2843292,10.48,0.416,0.008,3.412,0.066,8.2011,0.786,0.014,2,84.251755,4.0,0.9,2.30645,2.0E-5,76.4,4.2,0,1,0,1,K,0.5387,53.228511810302734,-27.84630012512207,0,NA,0,NA,NA,0
GS4_14152,GOODS-S,GS4_14152,14152,1.61415,0,1.615,11.29,0.625,0.013,5.295,0.110,8.4724,0.59,0.007,2,166.89372,5.0,1.5,1.61415,1.2E-4,267.3,10.8,0,1,0,0,H,0.44071,53.198856353759766,-27.84391212463379,1,24,1,55,id_or_target,0
GS4_14356,GOODS-S,GS4_14356,14356,1.35695,0,1.36198,10.57,1.004,0.02,8.446,0.168,8.4123,0.255,0.01,1,80.576065,5.0,2.1,1.35695,1.3E-4,146.2,14.9,0,1,0,0,H,0.38994,53.0433464050293,-27.84543228149414,0,NA,1,36,id_or_target,0
GS4_14374,GOODS-S,GS4_14374,14374,NA,0,1.51431,10.38,0.318,0.019,NA,NA,NA,0.693,0.019,2,0.23988329,1.0,0.5,1.51431,0.0,114.3,0.0,-2,1,0,0,H,0.84374,53.21908950805664,-27.845186233520508,0,NA,0,NA,NA,0
GS4_15000,GOODS-S,GS3_09785,15000,2.03549,0,2.02258,9.92,0.553,0.163,4.620,1.362,8.3542,0.368,0.025,2,43.178383,5.0,0.5,2.03549,1.1E-4,136.7,21.3,0,1,0,0,K,0.52914,53.11606216430664,-27.841575622558594,0,NA,0,NA,NA,0
GS4_15214,GOODS-S,GS4_15214,15214,1.61149,0,1.613,11.22,0.641,0.008,5.431,0.068,8.4724,0.526,0.005,2,93.28714,5.0,1.6,1.61149,4.0E-5,133.7,13.4,0,1,0,0,H,0.61836,53.131439208984375,-27.841327667236328,0,NA,0,NA,NA,0
GS4_15457,GOODS-S,GS4_15457,15457,NA,1,1.005,10.22,0.056,0.001,NA,NA,NA,0.982,0.013,2,0.032359365,1.0,0.1,1.005,0.0,115.8,0.0,-2,1,0,0,YJ,0.61357,53.12512969970703,-27.840761184692383,0,NA,0,NA,NA,0
GS4_15735,GOODS-S,GS4_15735,15735,NA,0,1.8352916,10.9,2.209,0.011,NA,NA,NA,0.338,0.011,2,24.966272,2.0,1.1,NA,NA,NA,NA,-3,1,0,0,K,0.71616,53.14454650878906,-27.839691162109375,0,NA,0,NA,NA,0
GS4_15819,GOODS-S,GS4_15819,15819,2.04211,0,2.0029225,10.75,0.565,0.008,4.718,0.067,8.3510,0.509,0.009,2,120.622375,2.0,1.1,2.04211,3.0E-5,147.6,10.0,0,1,0,0,K,0.5387,53.17961120605469,-27.839202880859375,0,NA,0,NA,NA,0
GS4_15836,GOODS-S,GS4_15836,15836,1.57824,0,1.48805,10.57,0.359,0.004,3.041,0.034,8.4718,0.584,0.008,2,58.839184,5.0,1.9,1.57824,4.0E-5,190.9,25.6,0,1,0,0,H,0.37894,53.131954193115234,-27.839187622070312,0,NA,0,NA,NA,0
GS4_16085,GOODS-S,GS4_16085,16085,NA,0,1.61823,10.36,0.224,0.009,NA,NA,NA,0.545,0.013,2,0.8128305,1.0,0.0,1.61823,0.0,116.4,0.0,-2,1,0,0,H,0.89539,53.16968536376953,-27.838037490844727,0,NA,0,NA,NA,0
GS4_16336,GOODS-S,GS4_16336,16336,NA,0,1.038,10.42,0.177,0.002,NA,NA,NA,0.723,0.008,2,0.2630268,1.0,0.2,1.038,0.0,112.0,0.0,-2,1,0,0,YJ,0.47594,53.18455123901367,-27.836029052734375,0,NA,0,NA,NA,0
GS4_16603,GOODS-S,GS4_16603,16603,1.61253,0,1.612,11.01,0.213,0.003,1.805,0.025,8.4724,0.854,0.007,2,1.023293,1.0,0.3,1.61253,2.2E-4,180.0,39.2,2,1,0,0,H,0.61836,53.15018844604492,-27.834529876708984,0,NA,0,NA,NA,0
GS4_16640,GOODS-S,GS4_16640,16640,1.03562,0,1.037,9.63,0.208,0.007,1.679,0.057,8.0728,0.869,0.014,1,0.77624714,1.0,0.4,1.03562,3.0E-5,109.4,8.2,0,1,0,0,YJ,0.47431,53.10398483276367,-27.8355655670166,0,NA,0,NA,NA,0
GS4_16776,GOODS-S,GS4_16776,16776,1.61291,0,1.6113,10.07,0.227,0.003,1.923,0.025,8.4724,0.821,0.01,1,44.666145,2.0,1.0,1.61291,1.0E-5,69.0,3.2,0,1,1,3,H,0.38994,53.07058334350586,-27.83450698852539,0,NA,0,NA,NA,0
GS4_16814,GOODS-S,GS4_16814,16814,1.61539,0,1.618,11.19,0.579,0.003,4.906,0.025,8.4724,0.642,0.004,2,297.71277,5.0,1.6,1.61539,9.0E-5,160.2,14.4,0,1,0,0,H,0.40748,53.07268524169922,-27.83420753479004,0,NA,1,56,id_or_target,0
GS4_16960,GOODS-S,GS4_16960,16960,1.61704,0,1.619,10.78,0.462,0.005,3.914,0.042,8.4724,0.811,0.006,2,347.09152,5.0,1.9,1.61704,7.0E-5,206.2,11.6,0,1,1,0,H,0.65392,53.1572380065918,-27.833438873291016,0,NA,0,NA,NA,0
GS4_17033,GOODS-S,GS4_17033,17033,NA,0,1.36789,10.68,0.171,0.003,NA,NA,NA,0.383,0.011,2,0.09549926,1.0,0.0,1.36789,0.0,115.4,0.0,-2,1,0,0,H,0.42113,53.046810150146484,-27.833053588867188,0,NA,0,NA,NA,0
GS4_17069,GOODS-S,GS4_17069,17069,0.979,0,0.9801,10.2,0.24,0.001,1.912,0.008,7.9678,0.72,0.003,2,42.06191,5.0,1.4,0.979,1.0E-5,81.0,3.2,0,1,0,0,YJ,0.50922,53.13252258300781,-27.83291244506836,0,NA,0,NA,NA,0
GS4_17347,GOODS-S,GS4_17347,17347,0.78303,0,0.784,9.93,0.247,0.002,1.841,0.015,7.4529,0.453,0.006,1,3.1387608,2.0,0.5,0.78303,7.0E-5,71.3,11.2,0,1,0,0,YJ,0.4318,53.13211441040039,-27.831737518310547,0,NA,0,NA,NA,0
GS4_17531,GOODS-S,GS4_17531,17531,1.35737,0,1.36671,10.68,0.557,0.005,4.686,0.042,8.4125,0.553,0.006,2,22.591318,5.0,1.3,1.35737,1.1E-4,191.9,13.7,0,1,0,0,H,0.42113,53.04258346557617,-27.830419540405273,0,NA,0,NA,NA,0
GS4_17817,GOODS-S,GS3_11606,17817,2.56853,0,2.57843,10.26,0.327,0.005,2.624,0.040,8.0240,0.481,0.009,1,191.1659,5.0,0.8,2.56853,3.0E-5,96.2,6.2,0,1,0,0,K,0.50884,53.18830108642578,-27.82933807373047,0,NA,0,NA,NA,0
GS4_18006,GOODS-S,GS4_18006,18006,1.01521,0,1.016,10.41,0.066,0.001,0.530,0.008,8.0369,0.924,0.007,2,8.225691,2.0,0.0,1.01521,1.3E-4,176.7,28.7,2,1,0,0,YJ,0.47594,53.18522262573242,-27.827829360961914,0,NA,0,NA,NA,0
GS4_18201,GOODS-S,GS4_18201,18201,0.83439,1,0.833,10.24,0.093,0.001,0.708,0.008,7.6138,0.793,0.01,2,0.028840318,1.0,0.3,0.83439,1.7E-4,117.8,55.4,2,1,0,0,YJ,0.47955,53.14188003540039,-27.827163696289062,0,NA,0,NA,NA,0
GS4_18305,GOODS-S,GS4_18305,18305,NA,1,1.0,10.08,0.122,0.004,NA,NA,NA,0.795,0.012,2,2.0689695,2.0,0.1,1.0,0.0,115.1,0.0,-2,1,0,0,YJ,0.58143,53.12847137451172,-27.82549285888672,0,NA,0,NA,NA,0
GS4_18505,GOODS-S,GS4_18505,18505,1.49183,0,1.4920198,10.22,0.515,0.005,4.357,0.042,8.4610,0.313,0.006,2,30.006126,2.0,1.2,1.49183,3.7E-4,235.0,50.3,2,1,0,0,H,0.54763,53.202720642089844,-27.825265884399414,0,NA,0,NA,NA,0
GS4_18642,GOODS-S,GS4_18642,18642,0.84274,0,0.82,10.34,0.163,0.002,1.245,0.015,7.6380,0.693,0.008,2,0.0363078,1.0,0.0,0.84274,3.1E-4,234.4,54.7,0,1,0,0,YJ,0.4769,53.161739349365234,-27.82456398010254,0,NA,0,NA,NA,0
GS4_18936,GOODS-S,GS3_12468,18936,2.0357,0,2.0356,10.28,0.156,0.004,1.303,0.033,8.3541,0.919,0.014,2,8.51138,1.0,0.0,2.0357,4.0E-5,79.0,9.8,0,1,1,0,K,0.45925,53.10378646850586,-27.823261260986328,0,NA,0,NA,NA,0
GS4_19137,GOODS-S,GS4_19137,19137,1.03704,0,1.038,10.74,0.485,0.002,3.916,0.016,8.0752,0.436,0.003,2,63.666298,5.0,1.8,1.03704,3.0E-5,167.6,15.4,0,1,0,0,YJ,0.69073,53.077903747558594,-27.822153091430664,0,NA,0,NA,NA,0
GS4_19148,GOODS-S,GS4_19148,19148,NA,0,0.98,11.27,0.471,0.002,NA,NA,NA,0.732,0.002,2,0.3715352,1.0,0.3,0.98,0.0,113.8,0.0,-2,1,0,0,YJ,0.46542,53.164981842041016,-27.819326400756836,0,NA,0,NA,NA,0
GS4_19348,GOODS-S,GS3_12781,19348,2.58466,1,2.582,11.26,0.38,0.004,3.045,0.032,8.0125,0.721,0.006,1,805.14404,5.0,0.8,2.58466,3.9E-4,60.4,47.2,2,1,0,0,K,0.48494,53.14882278442383,-27.821115493774414,0,NA,0,NA,NA,0
GS4_19676,GOODS-S,GS4_19676,19676,1.00394,0,1.0052,9.26,0.268,0.006,2.148,0.048,8.0161,0.422,0.012,1,2.1877615,1.0,0.1,1.00394,1.0E-5,29.0,4.8,0,1,1,0,YJ,0.48131,53.06343460083008,-27.819704055786133,0,NA,0,NA,NA,0
GS4_20241,GOODS-S,GS4_20241,20241,1.37855,0,1.38,10.35,0.368,0.003,3.100,0.025,8.4230,0.407,0.006,2,67.70691,5.0,1.6,1.37855,6.0E-5,131.8,13.8,0,1,0,0,H,0.42143,53.044891357421875,-27.81646728515625,0,NA,0,NA,NA,0
GS4_20297,GOODS-S,GS4_20297,20297,1.01619,0,1.016,9.56,0.725,0.015,5.828,0.121,8.0386,0.586,0.011,1,0.9549926,1.0,0.0,1.01619,1.3E-4,64.8,22.2,0,1,0,0,YJ,0.58143,53.10848617553711,-27.815603256225586,0,NA,0,NA,NA,0
GS4_20410,GOODS-S,GS3_13572,20410,2.00832,0,2.007,10.2,0.326,0.004,2.728,0.033,8.3671,0.553,0.008,2,42.482998,2.0,0.8,2.00832,1.6E-4,88.1,39.3,2,1,0,0,K,0.45925,53.09145736694336,-27.815444946289062,0,NA,0,NA,NA,0
GS4_20422,GOODS-S,GS4_20422,20422,2.00022,0,2.0005,9.93,0.29,0.004,2.428,0.033,8.3708,0.448,0.01,1,15.488168,1.0,0.5,2.00022,1.2E-4,58.8,14.1,0,1,0,0,K,0.5387,53.203372955322266,-27.816009521484375,0,NA,0,NA,NA,0
GS4_20623,GOODS-S,GS4_20623,20623,2.57531,0,2.573,10.01,0.499,0.006,4.002,0.048,8.0191,0.263,0.007,1,37.153526,1.0,0.5,2.57531,2.0E-5,89.1,8.9,0,1,0,0,K,0.53108,53.15782928466797,-27.81475257873535,0,NA,0,NA,NA,0
GS4_20651,GOODS-S,GS4_20651,20651,1.30673,0,1.309,10.19,0.174,0.002,1.459,0.017,8.3824,0.646,0.007,2,55.3473,5.0,0.8,1.30673,1.0E-5,131.3,1.5,0,1,0,0,H,0.37894,53.14988327026367,-27.813995361328125,0,NA,0,NA,NA,0
GS4_21149,GOODS-S,GS3_13938,21149,2.03436,0,2.02986,10.38,0.739,0.025,6.174,0.209,8.3547,0.281,0.013,2,40.93807,2.0,0.6,2.03436,6.0E-5,77.9,15.2,0,1,0,0,K,0.45925,53.10178756713867,-27.812259674072266,0,NA,0,NA,NA,0
GS4_21202,GOODS-S,GS4_21202,21202,1.51828,0,1.51809,9.71,0.464,0.008,3.928,0.068,8.4658,0.641,0.01,1,3.8018937,1.0,0.0,1.51828,1.0E-5,70.0,3.5,0,1,0,0,H,0.42051,53.045101165771484,-27.81255531311035,0,NA,0,NA,NA,0
GS4_21525,GOODS-S,GS4_21525,21525,1.35639,0,1.357,9.89,0.255,0.004,2.145,0.034,8.4120,0.778,0.01,2,13.182568,1.0,1.0,1.35639,1.0E-5,75.3,3.5,0,1,0,2,H,0.43842,53.082454681396484,-27.810894012451172,0,NA,0,NA,NA,0
GS4_21719,GOODS-S,GS4_21719,21719,NA,0,0.89648,9.81,0.058,0.001,NA,NA,NA,0.905,0.018,1,0.27542287,1.0,0.0,0.89648,0.0,114.0,0.0,-2,1,0,0,YJ,0.69073,53.111141204833984,-27.809663772583008,0,NA,0,NA,NA,0
GS4_21798,GOODS-S,GS3_14506,21798,NA,0,2.47,10.69,0.103,0.002,NA,NA,NA,0.34,0.018,2,0.48977882,1.0,0.1,NA,NA,NA,NA,-3,1,0,0,K,0.4431,53.1632194519043,-27.808984756469727,0,NA,0,NA,NA,0
GS4_22027,GOODS-S,GS3_14526,22027,1.99731,0,1.996,10.08,0.237,0.006,1.984,0.050,8.3721,0.439,0.012,2,17.3565,2.0,0.4,1.99731,5.0E-5,60.6,12.1,0,1,0,0,K,0.42938,53.17365646362305,-27.80823516845703,0,NA,0,NA,NA,0
GS4_22270,GOODS-S,GS3_14760,22270,NA,0,2.16995,11.0,0.084,0.001,NA,NA,NA,0.815,0.013,2,0.9772372,1.0,0.2,NA,NA,NA,NA,-3,1,0,0,K,0.42906,53.11650466918945,-27.806743621826172,0,NA,0,NA,NA,0
GS4_23073,GOODS-S,GS3_15166,23073,NA,0,2.349,11.2,0.087,0.001,NA,NA,NA,0.545,0.011,2,1.5848932,1.0,0.3,2.349,0.0,116.1,0.0,-2,1,0,0,K,0.4431,53.123104095458984,-27.803386688232422,0,NA,0,NA,NA,0
GS4_24062,GOODS-S,GS4_24062,24062,1.38184,0,1.383,10.57,0.268,0.002,2.258,0.017,8.4246,0.899,0.005,2,64.93284,5.0,1.5,1.38184,4.0E-5,75.5,8.7,0,1,0,0,H,0.4539,53.119869232177734,-27.798734664916992,0,NA,0,NA,NA,0
GS4_24110,GOODS-S,GS3_15675,24110,1.9972,0,1.998,10.89,0.572,0.001,4.789,0.008,8.3722,0.765,0.001,2,328.78452,5.0,1.2,1.9972,1.0E-5,107.8,5.8,0,1,0,0,K,0.4431,53.16688919067383,-27.79873275756836,0,NA,1,60,id_or_target,0
GS4_24253,GOODS-S,GS4_24253,24253,1.01614,1,1.01375,9.15,1.522,0.14,12.235,1.125,8.0386,0.747,0.025,1,2.5703957,1.0,0.0,1.01614,8.0E-5,68.9,11.1,0,1,0,0,YJ,0.48131,53.070194244384766,-27.79816436767578,0,NA,0,NA,NA,0
GS4_24294,GOODS-S,GS4_24294,24294,0.99862,0,0.99915,9.53,0.297,0.005,2.378,0.040,8.0061,0.865,0.01,1,2.9472919,2.0,0.5,0.99862,2.0E-5,53.4,5.0,0,1,0,0,YJ,0.36199,53.05873489379883,-27.797550201416016,0,NA,0,NA,NA,0
GS4_25151,GOODS-S,GS3_16335,25151,2.22298,0,2.228,10.65,0.649,0.012,5.356,0.099,8.2524,0.873,0.01,2,110.355194,2.0,0.8,2.22298,3.0E-5,123.8,4.8,0,1,0,1,K,0.45925,53.09964370727539,-27.794273376464844,0,NA,0,NA,NA,0
GS4_25266,GOODS-S,GS4_25266,25266,1.0171394,1,1.017,9.64,0.087,0.003,0.700,0.024,8.0404,0.886,0.022,1,0.4365158,1.0,0.3,1.0171394,0.0,114.0,0.0,-1,1,0,0,YJ,0.69073,53.10496520996094,-27.79314422607422,0,NA,0,NA,NA,0
GS4_25997,GOODS-S,GS4_25997,25997,NA,0,1.018,10.67,0.144,0.001,NA,NA,NA,0.798,0.006,2,0.09120109,1.0,0.0,1.018,0.0,115.2,0.0,-2,1,0,0,YJ,0.36199,53.05192947387695,-27.791446685791016,0,NA,0,NA,NA,0
GS4_26113,GOODS-S,GS4_26113,26113,1.36045,0,1.35726,9.82,0.286,0.005,2.406,0.042,8.4141,0.752,0.009,1,4.897788,1.0,0.3,1.36045,6.0E-5,102.7,14.9,0,1,0,0,H,0.42051,53.043373107910156,-27.78965187072754,0,NA,0,NA,NA,0
GS4_26139,GOODS-S,GS4_26139,26139,1.5530589,0,1.553,11.08,0.276,0.003,2.338,0.025,8.4701,0.688,0.006,2,20.181868,2.0,0.5,1.5530589,1.8E-4,199.3,44.9,2,1,0,0,H,0.48801,53.12508010864258,-27.790771484375,0,NA,0,NA,NA,0
GS4_26690,GOODS-S,GS3_17650,26690,NA,0,2.23006,10.94,0.077,0.001,NA,NA,NA,0.426,0.013,2,0.8709636,1.0,0.0,2.23006,0.0,115.5,0.0,-2,1,0,0,K,0.45925,53.106590270996094,-27.78729820251465,0,NA,0,NA,NA,0
GS4_27159,GOODS-S,GS3_17588,27159,2.61845,0,2.61257,10.1,0.379,0.008,3.028,0.064,7.9882,0.403,0.009,1,45.708817,1.0,0.5,2.61845,5.0E-5,71.9,11.5,0,1,0,1,K,0.41819,53.05609130859375,-27.78629493713379,0,NA,0,NA,NA,0
GS4_27230,GOODS-S,GS4_27230,27230,1.42316,0,1.423,10.04,0.267,0.004,2.254,0.034,8.4415,0.529,0.008,2,17.232275,2.0,0.5,1.42316,1.0E-5,93.2,4.4,0,1,0,0,H,0.4653,53.09769821166992,-27.78584861755371,0,NA,0,NA,NA,0
GS4_27231,GOODS-S,GS4_27231,27231,NA,0,0.954,10.96,0.71,0.001,NA,NA,NA,0.53,0.001,2,12.670472,2.0,0.9,0.954,0.0,114.4,0.0,-2,1,0,0,YJ,0.9255,53.16033935546875,-27.78400421142578,0,NA,0,NA,NA,0
GS4_27404,GOODS-S,GS3_17716,27404,2.03507,0,2.0343,10.66,0.837,0.023,6.993,0.192,8.3544,0.699,0.012,2,81.512566,5.0,0.7,2.03507,1.2E-4,225.7,45.3,0,1,0,0,K,0.41819,53.07204055786133,-27.78565788269043,1,25,1,62,via_RC41_alias,0
GS4_27441,GOODS-S,GS4_27441,27441,1.38112,0,1.3822021,10.82,0.84,0.009,7.076,0.076,8.4242,0.385,0.006,2,89.35545,5.0,2.0,1.38112,8.0E-5,179.4,17.6,0,1,0,0,H,0.43468,53.07596969604492,-27.78583335876465,0,NA,1,38,id_or_target,0
GS4_27882,GOODS-S,GS3_18419,27882,2.30821,0,2.309,10.96,0.331,0.005,2.714,0.041,8.2000,0.664,0.01,2,926.3907,5.0,2.0,2.30821,4.0E-5,138.6,10.6,2,1,1,0,K,0.35627,53.1187629699707,-27.782785415649414,0,NA,0,NA,NA,0
GS4_28844,GOODS-S,GS4_28844,28844,NA,0,2.49733,10.85,0.227,0.002,NA,NA,NA,0.653,0.004,1,94.703354,4.0,0.6,NA,NA,NA,NA,-3,1,0,0,K,0.48912,53.146141052246094,-27.779869079589844,0,NA,0,NA,NA,0
GS4_28870,GOODS-S,GS4_28870,28870,2.47093,0,2.468,9.9,0.116,0.001,0.939,0.008,8.0923,0.575,0.006,1,94.05878,4.0,0.6,2.47093,3.0E-5,85.0,11.7,0,1,0,0,K,0.35835,53.18202590942383,-27.779539108276367,0,NA,0,NA,NA,0
GS4_29606,GOODS-S,GS4_29606,29606,2.54192,0,2.54309,10.47,0.18,0.002,1.448,0.016,8.0428,0.762,0.007,1,1082.6527,5.0,0.7,2.54192,1.0E-4,160.9,37.5,0,1,0,0,K,0.51355,53.160587310791016,-27.776123046875,0,NA,0,NA,NA,0
GS4_29730,GOODS-S,GS4_29730,29730,0.99654,0,0.999,10.43,0.703,0.003,5.625,0.024,8.0021,0.404,0.001,2,21.108868,4.0,0.1,0.99654,3.0E-5,62.5,5.6,0,1,0,0,YJ,0.9255,53.15276336669922,-27.77528190612793,0,NA,0,NA,NA,0
GS4_29773,GOODS-S,GS4_29773,29773,2.22649,0,2.22604,10.16,0.702,0.021,5.792,0.173,8.2503,0.697,0.019,1,61.287533,2.0,1.2,2.22649,8.0E-5,139.9,24.2,2,1,1,0,K,0.48912,53.121124267578125,-27.77504539489746,0,NA,0,NA,NA,0
GS4_29868,GOODS-S,GS4_29868,29868,2.22394,0,2.226,10.28,0.691,0.085,5.702,0.701,8.2518,0.46,0.21,2,101.208466,5.0,0.6,2.22394,3.0E-5,149.7,4.9,0,1,1,1,K,0.32007,53.1211051940918,-27.774614334106445,1,33,1,81,via_RC41_alias,0
GS4_29900,GOODS-S,GS4_29900,29900,1.60485,1,1.605,11.2,0.304,0.002,2.576,0.017,8.4725,0.567,0.004,2,13.593322,2.0,0.3,1.60485,0.0,116.4,0.0,-1,1,0,0,H,0.42051,53.05220031738281,-27.774770736694336,0,NA,0,NA,NA,0
GS4_29957,GOODS-S,GS4_29957,29957,NA,0,1.39,10.57,0.081,0.0,NA,NA,NA,0.79,0.004,2,0.047863003,1.0,0.1,NA,NA,NA,NA,-3,1,0,0,H,0.47494,53.15379333496094,-27.77458381652832,0,NA,0,NA,NA,0
GS4_29973,GOODS-S,GS4_29973,29973,1.02131,0,1.02284,9.59,0.406,0.012,3.267,0.097,8.0478,0.663,0.011,1,5.124619,2.0,1.0,1.02131,3.0E-5,104.2,6.2,0,1,0,0,YJ,0.36199,53.04142761230469,-27.77481460571289,0,NA,1,28,id_or_target,0
GS4_30094,GOODS-S,GS4_30094,30094,0.80773,1,0.895,10.57,0.221,0.002,1.665,0.015,7.5328,0.876,0.006,2,0.061659496,1.0,0.3,0.80773,0.0,112.1,0.0,-1,1,0,0,YJ,0.3803,53.10161590576172,-27.773414611816406,0,NA,0,NA,NA,0
GS4_30144,GOODS-S,GS3_19822,30144,1.0163364,0,1.016,10.64,0.231,0.001,1.857,0.008,8.0389,0.602,0.004,2,14.161005,2.0,0.0,1.0163364,2.9E-4,0.0,44.2,2,1,0,0,YJ,0.32243,53.128517150878906,-27.772695541381836,0,NA,0,NA,NA,0
GS4_30274,GOODS-S,GS3_19791,30274,2.22453,0,2.225,11.2,0.429,0.005,3.540,0.041,8.2515,0.444,0.006,2,335.0584,5.0,1.3,2.22453,3.0E-5,248.4,5.6,0,1,0,0,K,0.35627,53.13108444213867,-27.773107528686523,0,NA,0,NA,NA,0
GS4_30366,GOODS-S,GS3_20069,30366,NA,0,1.032,10.4,0.051,0.001,NA,NA,NA,0.741,0.01,2,0.05011873,1.0,0.0,1.032,0.0,114.2,0.0,-2,1,0,0,YJ,0.38652,53.04997253417969,-27.772485733032227,0,NA,0,NA,NA,0
GS4_30394,GOODS-S,GS4_30394,30394,NA,0,1.306,11.01,0.204,0.002,NA,NA,NA,0.666,0.007,2,0.16982438,1.0,0.3,1.306,0.0,114.6,0.0,-2,1,0,0,H,0.48801,53.103336334228516,-27.771635055541992,0,NA,0,NA,NA,0
GS4_30432,GOODS-S,GS4_30432,30432,1.30575,0,1.307,10.7,0.72,0.004,6.035,0.034,8.3818,0.692,0.004,2,19.918707,5.0,1.0,1.30575,4.0E-5,129.3,3.7,0,1,0,0,H,0.48801,53.12797927856445,-27.771438598632812,0,NA,1,35,id_or_target,0
GS4_30443,GOODS-S,GS4_30443,30443,2.22646,0,2.22199,10.1,0.39,0.002,3.218,0.017,8.2503,0.46,0.002,1,41.211426,2.0,0.7,2.22646,3.0E-5,118.1,4.7,0,1,0,0,K,0.48912,53.15446090698242,-27.771432876586914,0,NA,0,NA,NA,0
GS4_30469,GOODS-S,GS4_30469,30469,2.48424,0,2.483,10.09,0.322,0.009,2.603,0.073,8.0831,0.593,0.014,2,17.782795,1.0,0.4,2.48424,1.4E-4,110.1,30.6,2,1,0,0,K,0.32007,53.096683502197266,-27.7723388671875,0,NA,0,NA,NA,0
GS4_30534,GOODS-S,GS4_30534,30534,1.55204,0,1.552,11.31,0.889,0.004,7.530,0.034,8.4700,0.452,0.001,2,103.740204,5.0,1.5,1.55204,3.0E-5,176.0,8.2,0,1,0,0,H,0.47494,53.165565490722656,-27.769790649414062,0,NA,0,NA,NA,0
GS4_30548,GOODS-S,GS4_30548,30548,2.11266,0,2.21556,10.03,0.35,0.008,2.910,0.067,8.3149,0.85,0.014,2,33.48336,2.0,0.9,2.11266,4.0E-5,149.0,6.7,0,1,0,0,K,0.48912,53.07814025878906,-27.772010803222656,0,NA,0,NA,NA,0
GS4_30997,GOODS-S,GS3_21045,30997,0.95504,0,0.955,11.13,1.146,0.005,9.074,0.040,7.9181,0.744,0.002,2,13.622852,5.0,0.9,0.95504,1.0E-5,55.2,4.5,2,1,0,0,YJ,0.32243,53.13629913330078,-27.76318359375,0,NA,0,NA,NA,0
GS4_31027,GOODS-S,GS3_20271,31027,NA,0,2.63972,9.86,0.907,0.062,NA,NA,NA,0.519,0.04,1,1.6218101,1.0,0.5,NA,NA,NA,NA,-3,1,0,1,K,0.41819,53.04830551147461,-27.76990509033203,0,NA,0,NA,NA,0
GS4_31240,GOODS-S,GS3_20745,31240,1.03349,0,1.033,10.81,0.676,0.005,5.455,0.040,8.0692,0.656,0.005,2,59.905945,5.0,1.7,1.03349,0.0,114.5,0.0,-1,1,0,0,YJ,0.33904,53.098384857177734,-27.766948699951172,0,NA,0,NA,NA,0
GS4_31342,GOODS-S,GS4_31342,31342,0.89392,0,0.895,9.8,0.185,0.001,1.439,0.008,7.7759,0.576,0.003,1,8.296849,5.0,1.9,0.89392,5.0E-5,116.6,7.8,0,1,0,0,YJ,0.42268,53.1513671875,-27.76668357849121,0,NA,0,NA,NA,0
GS4_31452,GOODS-S,GS4_31452,31452,NA,0,2.22522,10.74,0.074,0.002,NA,NA,NA,0.801,0.02,1,0.5495409,1.0,0.2,2.22522,0.0,115.8,0.0,-2,1,0,0,K,0.48912,53.130775451660156,-27.76786231994629,0,NA,0,NA,NA,0
GS4_31618,GOODS-S,GS4_31618,31618,NA,0,1.039,10.92,0.252,0.002,NA,NA,NA,0.468,0.005,2,0.162181,1.0,0.3,1.039,0.0,113.7,0.0,-2,1,0,0,YJ,0.36199,53.04837417602539,-27.76504135131836,0,NA,0,NA,NA,0
GS4_32663,GOODS-S,GS3_21576,32663,0.97531,0,0.974,10.82,0.302,0.003,2.404,0.024,7.9603,0.488,0.006,2,4.1988573,2.0,0.4,0.97531,2.9E-4,291.0,30.7,2,1,0,0,YJ,0.32005,53.06465530395508,-27.760059356689453,0,NA,0,NA,NA,0
GS4_32976,GOODS-S,GS4_32976,32976,0.83115,0,0.831,10.37,0.676,0.004,5.140,0.030,7.6042,0.372,0.003,2,21.88407,5.0,2.6,0.83115,1.7E-4,181.8,31.3,2,1,0,0,YJ,0.41072,53.11193084716797,-27.757831573486328,1,8,1,16,id_or_target,0
GS4_33103,GOODS-S,GS3_22005,33103,0.95353,0,0.954,10.95,3.916,0.018,30.995,0.142,7.9149,0.8,0.002,2,19.828592,5.0,0.3,0.95353,2.0E-5,137.8,3.7,2,1,0,0,YJ,0.32243,53.124385833740234,-27.755718231201172,0,NA,0,NA,NA,0
GS4_33234,GOODS-S,GS3_22173,33234,1.03943,0,1.039,10.15,0.289,0.003,2.335,0.024,8.0793,0.516,0.005,2,23.951105,5.0,1.2,1.03943,1.0E-5,85.9,4.0,0,1,0,0,YJ,0.40174,53.072914123535156,-27.757850646972656,0,NA,0,NA,NA,0
GS4_33385,GOODS-S,GS4_33385,33385,NA,0,1.374,10.74,0.14,0.002,NA,NA,NA,0.512,0.011,2,0.5495409,1.0,0.3,1.374,0.0,115.2,0.0,-2,1,0,0,H,0.42051,53.02838897705078,-27.75676727294922,0,NA,0,NA,NA,0
GS4_33496,GOODS-S,GS4_33496,33496,1.61228,0,1.614,10.23,0.527,0.012,4.465,0.102,8.4724,0.749,0.011,2,30.571852,5.0,0.4,1.61228,0.0,48.4,1.8,0,1,0,0,H,0.45458,53.102813720703125,-27.756027221679688,0,NA,0,NA,NA,0
GS4_33639,GOODS-S,GS3_22466,33639,2.23481,0,2.226,10.53,0.465,0.006,3.834,0.049,8.2453,0.842,0.009,2,47.561718,2.0,1.1,2.23481,2.0E-5,100.8,5.6,0,1,0,0,K,0.35481,53.1213264465332,-27.755878448486328,1,34,1,84,via_RC41_alias,0
GS4_33717,GOODS-S,GS4_33717,33717,1.303,0,1.303,10.46,0.131,0.004,1.098,0.034,8.3799,0.789,0.016,2,1.5135612,1.0,0.4,1.303,6.0E-5,107.9,13.0,0,1,0,0,H,0.42051,53.07060623168945,-27.75536346435547,0,NA,0,NA,NA,0
GS4_33949,GOODS-S,GS4_33949,33949,NA,0,1.31,10.68,0.233,0.004,NA,NA,NA,0.375,0.009,2,0.4786301,1.0,0.7,NA,NA,NA,NA,-3,1,0,0,H,0.48801,53.10984420776367,-27.75425910949707,0,NA,0,NA,NA,0
GS4_33971,GOODS-S,GS3_22738,33971,2.67543,0,2.673,10.83,0.381,0.006,3.028,0.048,7.9468,0.922,0.01,1,187.60371,4.0,1.0,2.67543,1.5E-4,53.6,34.6,2,1,0,0,K,0.41819,53.06541061401367,-27.754249572753906,0,NA,0,NA,NA,0
GS4_34568,GOODS-S,GS4_34568,34568,2.5726,0,2.5248475,10.74,0.517,0.01,4.147,0.080,8.0211,0.851,0.009,1,223.6092,2.0,1.4,2.5726,3.0E-5,125.5,6.0,0,1,0,0,K,0.3741,53.12651062011719,-27.75037956237793,0,NA,0,NA,NA,0
GS4_34627,GOODS-S,GS4_34627,34627,0.97879,0,0.98001,9.76,0.387,0.007,3.083,0.056,7.9674,0.498,0.008,1,5.7865725,2.0,0.9,0.97879,5.0E-5,136.9,5.7,2,1,0,0,YJ,0.43041,53.160797119140625,-27.749998092651367,0,NA,0,NA,NA,0
GS4_34716,GOODS-S,GS4_34716,34716,NA,0,1.019,10.17,0.099,0.002,NA,NA,NA,0.514,0.013,2,0.029512094,1.0,0.1,NA,NA,NA,NA,-3,1,0,0,YJ,0.42268,53.15277862548828,-27.750511169433594,0,NA,0,NA,NA,0
GS4_34846,GOODS-S,GS3_23200,34846,0.83181,0,0.832,10.07,0.998,0.005,7.591,0.038,7.6062,0.586,0.004,2,21.082722,5.0,1.0,0.83181,2.0E-5,89.9,4.4,0,1,0,1,YJ,0.31711,53.045982360839844,-27.74888038635254,0,NA,1,17,id_or_target,0
GS4_35045,GOODS-S,GS3_23553,35045,1.01836,0,1.021,10.51,0.948,0.011,7.624,0.088,8.0426,0.265,0.006,2,10.274195,5.0,1.1,1.01836,2.6E-4,270.1,33.2,2,1,0,0,YJ,0.40168,53.080055236816406,-27.747421264648438,0,NA,0,NA,NA,0
GS4_35046,GOODS-S,GS3_23577,35046,NA,0,0.895,10.68,0.226,0.001,NA,NA,NA,0.408,0.004,2,2.387496,2.0,0.4,0.895,0.0,114.1,0.0,-2,1,0,0,YJ,0.32243,53.13350296020508,-27.747705459594727,0,NA,0,NA,NA,0
GS4_35056,GOODS-S,GS3_23570,35056,2.22695,0,2.28801,10.5,0.282,0.011,2.327,0.091,8.2500,0.412,0.017,2,80.06635,5.0,1.3,2.22695,8.0E-5,133.1,13.7,0,1,0,0,K,0.38496,53.16831970214844,-27.748512268066406,0,NA,0,NA,NA,0
GS4_35593,GOODS-S,GS4_35593,35593,2.40967,0,2.43322,10.07,0.513,0.036,4.173,0.293,8.1339,0.587,0.02,2,24.956762,2.0,0.5,2.40967,3.0E-5,66.3,11.4,0,1,0,0,K,0.48912,53.0782470703125,-27.745630264282227,0,NA,0,NA,NA,0
GS4_35620,GOODS-S,GS3_23997,35620,1.01629,0,1.014,10.79,0.509,0.01,4.092,0.080,8.0388,0.367,0.009,2,22.785994,5.0,2.1,1.01629,1.6E-4,115.4,37.1,2,1,0,0,YJ,0.32005,53.11016845703125,-27.745445251464844,0,NA,0,NA,NA,0
GS4_35937,GOODS-S,GS3_24364,35937,2.32913,0,2.3279,10.69,0.632,0.024,5.174,0.196,8.1867,0.362,0.009,2,41.644978,2.0,0.8,2.32913,1.0E-5,43.9,2.6,0,1,0,0,K,0.38959,53.158912658691406,-27.74267578125,0,NA,0,NA,NA,0
GS4_35951,GOODS-S,GS3_24273,35951,2.18634,0,2.01065,11.0,0.883,0.028,7.306,0.232,8.2739,0.494,0.013,2,266.6581,5.0,0.7,2.18634,1.4E-4,160.4,18.7,2,1,0,0,K,0.37179,53.199520111083984,-27.742568969726562,1,30,1,74,id_or_target,0
GS4_36094,GOODS-S,GS3_24369,36094,0.89283,0,0.891,10.55,0.253,0.001,1.967,0.008,7.7731,0.739,0.003,2,44.549244,5.0,0.9,0.89283,1.0E-5,85.7,2.5,0,1,0,0,YJ,0.32005,53.10734939575195,-27.741914749145508,0,NA,0,NA,NA,0
GS4_36451,GOODS-S,GS4_36451,36451,NA,0,1.299,10.59,0.272,0.006,NA,NA,NA,0.313,0.01,2,7.483434,2.0,0.5,1.299,0.0,113.8,0.0,-2,1,0,0,H,0.47494,53.170589447021484,-27.740991592407227,0,NA,0,NA,NA,0
GS4_36675,GOODS-S,GS3_25056,36675,NA,0,0.954,10.18,0.359,0.01,NA,NA,NA,0.878,0.009,2,6.648198,2.0,0.2,0.954,0.0,115.9,0.0,-2,1,0,0,YJ,0.3348,53.07918167114258,-27.73662567138672,0,NA,0,NA,NA,0
GS4_36705,GOODS-S,GS3_25028,36705,2.30551,0,2.30364,10.28,0.201,0.006,1.649,0.049,8.2017,0.623,0.014,2,43.625526,2.0,0.4,2.30551,4.0E-5,80.4,9.0,0,1,0,0,K,0.41819,53.042457580566406,-27.73786163330078,0,NA,0,NA,NA,0
GS4_36854,GOODS-S,GS3_24837,36854,0.89871,0,0.894,10.2,0.117,0.002,0.911,0.016,7.7879,0.659,0.011,2,3.510564,2.0,0.0,0.89871,4.0E-5,0.0,11.8,2,1,1,0,YJ,0.32243,53.14771270751953,-27.73919677734375,0,NA,0,NA,NA,0
GS4_37124,GOODS-S,GS4_37124,37124,2.43241,0,2.4330719,10.59,0.367,0.009,2.980,0.073,8.1186,0.412,0.011,2,194.55714,5.0,1.3,2.43241,5.0E-5,178.4,12.3,0,1,0,0,K,0.39664,53.192909240722656,-27.738359451293945,1,40,1,94,id_or_target,0
GS4_37613,GOODS-S,GS4_37613,37613,1.01687,0,1.017,10.44,0.389,0.002,3.128,0.016,8.0399,0.677,0.004,2,17.75419,5.0,1.7,1.01687,1.1E-4,75.5,14.6,0,1,0,0,YJ,0.44607,53.155845642089844,-27.735275268554688,0,NA,0,NA,NA,0
GS4_37745,GOODS-S,GS3_25445,37745,2.43108,0,2.42843,10.93,0.079,0.001,0.641,0.008,8.1195,0.88,0.011,2,110.195175,2.0,0.4,2.43108,6.0E-5,157.7,11.9,0,1,0,0,K,0.37179,53.182838439941406,-27.734909057617188,0,NA,0,NA,NA,0
GS4_37986,GOODS-S,GS4_37986,37986,1.54808,0,1.55,10.81,0.327,0.001,2.770,0.008,8.4696,0.796,0.006,2,76.46015,5.0,1.6,1.54808,5.0E-5,119.0,5.7,0,1,0,0,H,0.47494,53.13261795043945,-27.732297897338867,0,NA,0,NA,NA,0
GS4_37988,GOODS-S,GS3_25595,37988,2.20066,0,2.18428,10.27,0.291,0.011,2.405,0.091,8.2656,0.394,0.018,2,46.73145,2.0,1.0,2.20066,9.0E-5,153.4,21.0,0,1,0,0,K,0.41819,53.0518798828125,-27.73403549194336,0,NA,0,NA,NA,0
GS4_38046,GOODS-S,GS4_38046,38046,2.575811,1,2.576,10.26,0.122,0.007,0.978,0.056,8.0188,0.441,0.036,1,75.85776,1.0,1.6,2.575811,1.5E-4,42.5,43.1,2,1,0,0,K,0.51355,53.174442291259766,-27.73329734802246,0,NA,0,NA,NA,0
GS4_38116,GOODS-S,GS4_38116,38116,2.19651,0,2.1968522,10.17,0.191,0.003,1.579,0.025,8.2680,0.416,0.014,2,42.372997,2.0,0.8,2.19651,4.0E-5,113.1,6.8,0,1,0,0,K,0.51355,53.17130661010742,-27.732946395874023,0,NA,0,NA,NA,0
GS4_38560,GOODS-S,GS3_26017,38560,2.41663,0,2.416,10.18,0.435,0.007,3.536,0.057,8.1292,0.652,0.01,2,38.266983,2.0,0.8,2.41663,4.0E-5,103.3,17.8,0,1,0,0,K,0.34603,53.07802200317383,-27.731019973754883,0,NA,0,NA,NA,0
GS4_38807,GOODS-S,GS3_26192,38807,2.31762,0,2.31681,10.3,0.309,0.006,2.532,0.049,8.1941,0.422,0.009,2,45.057823,2.0,0.6,2.31762,2.0E-5,73.4,6.9,0,1,0,0,K,0.39717,53.18180465698242,-27.72991943359375,0,NA,0,NA,NA,0
GS4_39012,GOODS-S,GS4_39012,39012,NA,0,1.620718,11.07,0.248,0.007,NA,NA,NA,0.479,0.014,2,0.19498447,1.0,0.6,NA,NA,NA,NA,-3,1,0,0,H,0.46018,53.064239501953125,-27.72762107849121,0,NA,0,NA,NA,0
GS4_39085,GOODS-S,GS4_39085,39085,1.61007,0,1.612,10.49,0.304,0.012,2.576,0.102,8.4724,0.727,0.013,2,28.255587,2.0,0.5,1.61007,1.5E-4,196.5,54.9,2,1,0,0,H,0.46018,53.07130432128906,-27.728351593017578,0,NA,0,NA,NA,0
GS4_39170,GOODS-S,GS3_26460,39170,NA,0,1.022,11.18,0.306,0.002,NA,NA,NA,0.779,0.003,2,4.0942583,2.0,0.2,1.022,0.0,115.5,0.0,-2,1,0,0,YJ,0.32005,53.04182434082031,-27.725868225097656,0,NA,0,NA,NA,0
GS4_39654,GOODS-S,GS3_27242,39654,1.02356,0,1.025,10.64,0.315,0.003,2.536,0.024,8.0518,0.538,0.006,2,24.450855,5.0,1.0,1.02356,4.0E-4,234.5,64.3,2,1,0,0,YJ,0.32005,53.13093185424805,-27.72336769104004,0,NA,1,29,id_or_target,0
GS4_39671,GOODS-S,GS3_26790,39671,2.22714,0,2.23396,10.36,0.528,0.008,4.356,0.066,8.2499,0.754,0.008,2,44.692398,2.0,0.6,2.22714,2.0E-5,84.5,4.8,0,1,0,0,K,0.39717,53.17451095581055,-27.725357055664062,0,NA,0,NA,NA,0
GS4_39732,GOODS-S,GS3_26940,39732,2.25646,0,2.2559,10.12,0.319,0.003,2.626,0.025,8.2322,0.595,0.006,2,23.988329,1.0,0.2,2.25646,2.0E-5,91.1,3.6,0,1,0,0,K,0.46161,53.018226623535156,-27.725322723388672,0,NA,0,NA,NA,0
GS4_40218,GOODS-S,GS4_40218,40218,2.45051,0,2.449,9.85,0.191,0.003,1.548,0.024,8.1063,0.661,0.016,1,25.703957,1.0,0.5,2.45051,5.0E-5,83.0,13.8,0,1,0,0,K,0.51355,53.16195297241211,-27.72265625,0,NA,0,NA,NA,0
GS4_40477,GOODS-S,GS3_27604,40477,2.06059,0,2.18306,10.9,0.285,0.006,2.377,0.050,8.3418,0.787,0.016,2,111.22861,5.0,1.3,2.06059,6.0E-5,70.4,13.0,0,1,1,0,K,0.41819,53.05424880981445,-27.721649169921875,0,NA,0,NA,NA,0
GS4_40679,GOODS-S,GS3_27645,40679,2.40796,0,2.407,10.69,0.496,0.037,4.035,0.301,8.1350,0.555,0.018,2,142.92244,5.0,0.8,2.40796,7.0E-5,126.8,12.5,0,1,0,0,K,0.33916,53.07940673828125,-27.72087287902832,0,NA,0,NA,NA,0
GS4_40768,GOODS-S,GS3_28004,40768,2.30328,0,2.30214,10.22,0.407,0.003,3.339,0.025,8.2031,0.298,0.004,2,59.76093,2.0,0.7,2.30328,1.0E-5,84.7,2.2,0,1,0,0,K,0.46161,53.04082107543945,-27.71906852722168,0,NA,0,NA,NA,0
GS4_40795,GOODS-S,GS4_40795,40795,NA,1,2.30356,10.77,0.255,0.006,NA,NA,NA,0.48,0.015,1,32.23103,2.0,0.3,2.30356,0.0,115.1,0.0,-2,1,0,0,K,0.51355,53.18574905395508,-27.720165252685547,0,NA,0,NA,NA,0
GS4_41181,GOODS-S,GS3_28008,41181,2.30027,0,2.291,11.28,0.398,0.007,3.266,0.057,8.2050,0.626,0.009,2,123.95617,5.0,1.3,2.30027,1.3E-4,146.3,26.8,0,1,0,0,K,0.3794,53.10701370239258,-27.718223571777344,0,NA,0,NA,NA,0
GS4_41249,GOODS-S,GS3_28265,41249,NA,0,2.449,10.12,0.238,0.007,NA,NA,NA,0.368,0.022,2,33.403793,2.0,0.0,NA,NA,NA,NA,-3,1,1,0,K,0.40439,53.15365982055664,-27.717737197875977,0,NA,0,NA,NA,0
GS4_41438,GOODS-S,GS3_28294,41438,2.01848,0,2.01192,10.82,0.32,0.005,2.676,0.042,8.3623,0.68,0.011,2,146.8277,5.0,1.7,2.01848,1.0E-5,74.6,4.2,0,1,0,0,K,0.46161,53.01909255981445,-27.716861724853516,0,NA,0,NA,NA,0
GS4_41520,GOODS-S,GS4_41520,41520,NA,0,1.614,11.02,0.174,0.003,NA,NA,NA,0.488,0.01,2,0.028840318,1.0,0.0,1.614,0.0,115.1,0.0,-2,1,0,0,H,0.47494,53.15272521972656,-27.716251373291016,0,NA,0,NA,NA,0
GS4_41708,GOODS-S,GS3_28388,41708,1.02158,0,1.022,10.12,0.352,0.004,2.833,0.032,8.0483,0.509,0.007,2,9.284099,2.0,0.5,1.02158,7.0E-5,115.8,23.1,2,1,0,0,YJ,0.3348,53.05986022949219,-27.716289520263672,0,NA,0,NA,NA,0
GS4_41748,GOODS-S,GS3_28464,41748,2.30132,0,2.298,10.83,0.17,0.004,1.395,0.033,8.2044,0.833,0.015,2,50.358242,2.0,0.5,2.30132,6.0E-5,138.8,17.0,0,1,0,0,K,0.3794,53.10081481933594,-27.715986251831055,0,NA,0,NA,NA,0
GS4_41886,GOODS-S,GS3_28692,41886,2.14135,0,2.09,10.86,0.168,0.003,1.394,0.025,8.2993,0.552,0.013,2,118.45185,5.0,0.0,2.14135,1.7E-4,197.7,34.9,2,1,0,0,K,0.3794,53.09764862060547,-27.715282440185547,0,NA,0,NA,NA,0
GS4_42089,GOODS-S,GS4_42089,42089,2.25673,0,2.256,10.03,0.23,0.007,1.893,0.058,8.2321,0.526,0.022,1,12.882496,1.0,0.7,2.25673,6.0E-5,128.6,9.0,0,1,0,0,K,0.47985,53.10372543334961,-27.714088439941406,0,NA,0,NA,NA,0
GS4_42127,GOODS-S,GS3_28991,42127,2.44184,0,2.41,10.66,0.404,0.009,3.277,0.073,8.1122,0.55,0.016,2,131.78989,5.0,1.1,2.44184,1.0E-4,210.9,30.7,0,1,0,0,K,0.46161,53.05084228515625,-27.71371078491211,0,NA,0,NA,NA,0
GS4_42221,GOODS-S,GS3_28891,42221,NA,0,1.019,10.51,0.554,0.011,NA,NA,NA,0.69,0.006,2,0.2630268,1.0,0.2,1.019,0.0,111.8,0.0,-2,1,1,2,YJ,0.32005,53.0792350769043,-27.711868286132812,0,NA,0,NA,NA,0
GS4_42235,GOODS-S,GS4_42235,42235,2.43251,0,2.43,10.14,0.378,0.011,3.069,0.089,8.1185,0.409,0.013,2,57.142735,2.0,0.8,2.43251,4.0E-5,145.6,5.1,0,1,0,0,K,0.31124,53.13481903076172,-27.713359832763672,0,NA,0,NA,NA,0
GS4_42363,GOODS-S,GS4_42363,42363,2.14079,0,2.1448777,10.2,0.248,0.003,2.058,0.025,8.2996,0.368,0.009,2,117.13649,5.0,0.9,2.14079,1.0E-5,74.0,4.3,0,1,0,0,K,0.31124,53.11837387084961,-27.712934494018555,0,NA,0,NA,NA,0
GS4_42705,GOODS-S,GS3_29179,42705,NA,0,2.12863,11.19,0.771,0.013,NA,NA,NA,0.366,0.009,2,150.35727,5.0,1.7,NA,NA,NA,NA,-3,1,0,0,K,0.45496,53.0894660949707,-27.7115478515625,0,NA,0,NA,NA,0
GS4_42778,GOODS-S,GS4_42778,42778,NA,0,1.615,11.04,0.188,0.005,NA,NA,NA,0.665,0.012,2,8.535766,2.0,1.1,NA,NA,NA,NA,-3,1,0,0,H,0.47494,53.149593353271484,-27.711374282836914,0,NA,0,NA,NA,0
GS4_42789,GOODS-S,GS3_29139,42789,2.25398,0,2.25648,10.65,0.417,0.01,3.433,0.082,8.2337,0.689,0.009,2,60.282013,2.0,1.1,2.25398,2.0E-5,107.5,4.0,0,1,0,0,K,0.46161,53.034053802490234,-27.711265563964844,0,NA,0,NA,NA,0
GS4_42930,GOODS-S,GS4_42930,42930,2.45186,0,2.448,10.34,0.288,0.008,2.334,0.065,8.1054,0.527,0.016,2,45.59973,2.0,1.2,2.45186,1.1E-4,138.5,26.8,0,1,0,0,K,0.35835,53.164161682128906,-27.70989990234375,1,41,1,97,id_or_target,0
GS4_43501,GOODS-S,GS4_43501,43501,1.61351,0,1.615,10.6,0.585,0.006,4.956,0.051,8.4724,0.487,0.006,2,53.3479,5.0,1.0,1.61351,3.0E-5,162.9,10.5,0,1,0,0,H,0.46222,53.110023498535156,-27.707857131958008,1,23,1,54,id_or_target,1
GS4_43615,GOODS-S,GS3_29926,43615,NA,0,1.018,10.69,0.245,0.003,NA,NA,NA,0.462,0.008,2,0.08128305,1.0,0.4,NA,NA,NA,NA,-3,1,0,0,YJ,0.32005,53.093055725097656,-27.707368850708008,0,NA,0,NA,NA,0
GS4_43631,GOODS-S,GS4_43631,43631,2.14085,0,2.138,10.24,0.231,0.007,1.917,0.058,8.2995,0.611,0.014,2,45.784184,2.0,0.8,2.14085,4.0E-5,80.4,7.9,0,1,1,0,K,0.41329,53.1536750793457,-27.707181930541992,0,NA,0,NA,NA,0
GS4_43891,GOODS-S,GS3_30840,43891,1.01817,0,1.0175,10.31,0.79,0.007,6.353,0.056,8.0422,0.774,0.004,2,34.1233,5.0,1.2,1.01817,2.0E-5,146.3,3.2,0,1,0,2,YJ,0.31711,53.05336380004883,-27.700456619262695,0,NA,1,27,id_or_target,0
GS4_44066,GOODS-S,GS4_44066,44066,1.61377,0,1.617,10.77,0.135,0.01,1.144,0.085,8.4724,0.888,0.011,1,360.47412,5.0,2.2,1.61377,2.3E-4,281.0,41.1,0,1,0,0,H,0.46018,53.104854583740234,-27.705217361450195,0,NA,0,NA,NA,0
GS4_44133,GOODS-S,GS4_44133,44133,2.14049,0,2.268,10.63,0.394,0.004,3.270,0.033,8.2997,0.613,0.011,2,32.359364,1.0,1.4,2.14049,3.0E-5,114.8,4.7,0,1,1,0,K,0.47985,53.110408782958984,-27.703706741333008,0,NA,0,NA,NA,0
GS4_44194,GOODS-S,GS4_44194,44194,NA,0,2.54841,10.88,0.224,0.01,NA,NA,NA,0.615,0.02,1,0.74131024,1.0,0.0,2.54841,0.0,116.4,0.0,-2,1,0,0,K,0.47985,53.08446502685547,-27.704185485839844,0,NA,0,NA,NA,0
GS4_44848,GOODS-S,GS4_44848,44848,1.54983,0,1.55,10.84,0.534,0.007,4.523,0.059,8.4698,0.646,0.008,1,122.723434,5.0,2.0,1.54983,6.0E-5,192.2,9.8,2,1,0,0,H,0.46018,53.12957763671875,-27.70142364501953,0,NA,0,NA,NA,0
GS4_45068,GOODS-S,GS3_31118,45068,2.45255,0,2.448,11.01,0.137,0.005,1.110,0.041,8.1049,0.937,0.018,2,358.95248,5.0,1.2,2.45255,9.0E-5,218.0,16.8,0,1,0,0,K,0.37574,53.137569427490234,-27.700105667114258,0,NA,0,NA,NA,0
GS4_45188,GOODS-S,GS3_31154,45188,2.40602,0,2.402,10.81,0.145,0.007,1.180,0.057,8.1363,0.931,0.021,2,146.51622,2.0,1.4,2.40602,3.0E-5,69.1,7.5,0,1,0,0,K,0.46161,53.063255310058594,-27.699636459350586,0,NA,0,NA,NA,0
GS4_46072,GOODS-S,GS4_46072,46072,2.49713,1,2.30686,10.67,0.391,0.083,3.157,0.670,8.0742,0.619,0.029,2,63.655098,2.0,0.3,2.49713,2.6E-4,109.2,44.2,2,1,0,0,K,0.47985,53.138954162597656,-27.69512176513672,0,NA,0,NA,NA,0
GS4_46432,GOODS-S,GS4_46432,46432,2.43526,0,2.4403,9.82,0.301,0.012,2.443,0.097,8.1167,0.632,0.016,1,118.80445,5.0,0.4,2.43526,2.0E-5,102.2,6.6,0,1,0,0,K,0.47985,53.11244583129883,-27.692630767822266,0,NA,0,NA,NA,0
GS4_46938,GOODS-S,GS4_46938,46938,2.33228,0,2.32,10.03,0.145,0.003,1.187,0.025,8.1847,0.532,0.013,2,49.94425,2.0,0.3,2.33228,2.0E-5,134.5,6.0,0,1,0,0,K,0.47985,53.134559631347656,-27.690656661987305,0,NA,0,NA,NA,0
U3_10584,UDS,U3_10584,NA,2.24554,0,2.2392,8.99,0.561,0.561,4.622,4.622,8.2389,0.257,0.017,2,10.715193,1.0,0.4,2.24554,2.0E-5,101.2,4.9,0,1,0,0,K,0.42939,34.36509704589844,-5.121974945068359,0,NA,1,80,id_or_target,0
U4_04047,UDS,U4_04047,4047,2.15745,0,2.16428,10.2,0.498,0.039,4.129,0.323,8.2903,0.277,0.029,2,42.937035,2.0,0.5,2.15745,1.4E-4,115.7,25.1,2,1,0,0,K,0.46458,34.26213455200195,-5.263501167297363,0,NA,0,NA,NA,0
U4_04706,UDS,U4_04706,4706,NA,0,2.521749,11.24,0.133,0.044,NA,NA,NA,0.522,0.029,2,317.3793,5.0,0.6,NA,NA,NA,NA,-3,1,0,0,K,0.39723,34.288177490234375,-5.262609958648682,0,NA,0,NA,NA,0
U4_04939,UDS,U4_04939,4939,1.53351,0,1.5238701,10.19,0.57,0.015,4.827,0.127,8.4680,0.323,0.018,2,9.772372,1.0,0.8,1.53351,4.0E-5,103.5,7.8,0,1,0,0,H,0.47093,34.39496994018555,-5.260283946990967,0,NA,0,NA,NA,0
U4_05163,UDS,U4_05163,5163,2.15887,0,2.18167,10.1,0.338,0.012,2.802,0.099,8.2895,0.592,0.022,2,15.135611,1.0,0.5,2.15887,6.0E-5,72.9,12.3,0,1,0,0,K,0.38246,34.27937698364258,-5.2595062255859375,0,NA,0,NA,NA,0
U4_06203,UDS,U3_03856,6203,0.80251,0,0.80265,10.59,0.62,0.007,4.660,0.053,7.5163,0.803,0.008,2,11.738234,4.0,0.4,0.80251,1.0E-5,95.0,2.6,0,1,0,0,YJ,0.46086,34.35922622680664,-5.257605075836182,0,NA,1,12,id_or_target,0
U4_06288,UDS,U3_04286,6288,0.89541,0,0.895509,10.12,0.502,0.008,3.905,0.062,7.7796,0.779,0.011,1,7.0893426,2.0,0.3,0.89541,7.0E-5,118.6,12.1,0,1,0,2,YJ,0.43543,34.30352020263672,-5.25642204284668,0,NA,0,NA,NA,0
U4_06828,UDS,U4_06828,6828,2.39077,0,2.4088,10.34,0.333,0.02,2.713,0.163,8.1465,0.614,0.036,2,48.180283,2.0,0.6,2.39077,2.3E-4,136.4,32.9,2,1,0,0,K,0.36606,34.404197692871094,-5.254281044006348,0,NA,0,NA,NA,0
U4_06973,UDS,U4_06973,6973,2.38015,0,2.4903,10.73,0.623,0.072,5.080,0.587,8.1535,0.343,0.025,2,845.75616,5.0,0.8,2.38015,1.3E-4,136.1,30.8,2,1,0,0,K,0.48781,34.31119155883789,-5.253666877746582,0,NA,0,NA,NA,0
U4_07448,UDS,U4_07448,7448,1.36055,0,1.362324,10.41,0.387,0.006,3.256,0.050,8.4142,0.923,0.013,2,20.341755,2.0,0.8,1.36055,2.0E-5,45.9,5.6,0,1,0,0,H,0.47093,34.395057678222656,-5.252292156219482,0,NA,0,NA,NA,0
U4_07796,UDS,U4_07796,7796,NA,0,2.31161,10.7,0.075,0.003,NA,NA,NA,0.879,0.035,2,0.08317637,1.0,0.4,NA,NA,NA,NA,-3,1,0,0,K,0.37965,34.466487884521484,-5.25065803527832,0,NA,0,NA,NA,0
U4_07799,UDS,U3_05138,7799,0.80905,0,0.809762,10.2,0.701,0.012,5.283,0.090,7.5370,0.592,0.011,2,5.834111,2.0,0.0,0.80905,3.0E-5,98.9,4.4,0,1,0,0,YJ,0.43543,34.249542236328125,-5.2520952224731445,1,6,1,13,id_or_target,0
U4_08126,UDS,U4_08126,8126,NA,0,0.9196172,11.08,0.375,0.006,NA,NA,NA,0.921,0.008,2,0.23988329,1.0,0.4,0.91962,0.0,114.2,0.0,-2,1,0,0,YJ,0.54263,34.37278366088867,-5.251151084899902,0,NA,0,NA,NA,0
U4_09166,UDS,U4_09166,9166,0.99962,1,0.999,10.85,0.23,0.005,1.842,0.040,8.0080,0.325,0.015,2,0.117489755,1.0,0.2,0.99962,5.0E-5,26.8,11.1,0,1,0,0,YJ,0.38322,34.3297004699707,-5.246493816375732,0,NA,0,NA,NA,0
U4_09235,UDS,U4_09235,9235,NA,0,0.89743,9.45,0.689,0.022,NA,NA,NA,0.154,0.019,1,2.5118864,1.0,0.7,0.89743,0.0,113.8,0.0,-2,1,0,0,YJ,0.42321,34.34455490112305,-5.246181011199951,0,NA,0,NA,NA,0
U4_09272,UDS,U4_09272,9272,0.81618,0,0.8203,9.31,0.458,0.026,3.462,0.197,7.5591,0.72,0.026,1,0.85113806,1.0,0.0,0.81618,1.0E-5,38.5,5.6,0,1,1,0,YJ,0.42321,34.33499526977539,-5.245621204376221,0,NA,0,NA,NA,0
U4_09367,UDS,U4_09367,9367,NA,0,2.2914712,11.25,0.447,0.024,NA,NA,NA,0.423,0.024,2,174.11247,5.0,1.5,NA,NA,NA,NA,-3,1,0,0,K,0.48781,34.33164596557617,-5.245276927947998,0,NA,0,NA,NA,0
U4_09389,UDS,U4_09389,9389,0.81679,1,0.81394,10.48,0.254,0.006,1.920,0.045,7.5609,0.319,0.015,2,0.57543993,1.0,0.9,0.81679,1.5E-4,3.6,40.3,2,1,0,0,YJ,0.37052,34.33723449707031,-5.246159076690674,0,NA,0,NA,NA,0
U4_09540,UDS,U4_09540,9540,1.4675,0,1.46576,10.5,0.611,0.026,5.166,0.220,8.4553,0.721,0.02,2,51.558853,2.0,0.6,1.4675,6.0E-5,105.5,10.4,0,1,0,0,H,0.39035,34.288169860839844,-5.245480060577393,0,NA,0,NA,NA,0
U4_09733,UDS,U4_09733,9733,2.28891,0,2.28708,10.27,0.482,0.011,3.958,0.090,8.2122,0.387,0.016,2,33.884415,1.0,0.8,2.28891,1.0E-5,61.8,3.9,0,1,0,0,K,0.39189,34.324440002441406,-5.243929862976074,0,NA,0,NA,NA,0
U4_09825,UDS,U3_06856,9825,2.31277,0,2.29567,10.48,0.231,0.011,1.894,0.090,8.1971,0.512,0.036,2,123.75038,2.0,1.2,2.31277,5.0E-5,156.6,6.3,0,1,0,0,K,0.40605,34.40058135986328,-5.243416786193848,0,NA,1,90,id_or_target,0
U4_09947,UDS,U4_09947,9947,2.30216,0,2.2989223,10.64,0.23,0.005,1.887,0.041,8.2039,0.683,0.012,2,18.62087,1.0,0.9,2.30216,5.0E-5,105.6,10.4,0,1,0,0,K,0.36606,34.4418830871582,-5.244100093841553,0,NA,0,NA,NA,0
U4_10015,UDS,U4_10015,10015,NA,0,2.62598,10.81,0.829,0.098,NA,NA,NA,0.516,0.039,1,145.8449,2.0,0.4,NA,NA,NA,NA,-3,1,0,0,K,0.46458,34.2586555480957,-5.24283504486084,0,NA,0,NA,NA,0
U4_10255,UDS,U4_10255,10255,0.64571,0,0.8158902,10.42,0.37,0.002,2.556,0.014,6.9094,0.357,0.004,2,10.811704,4.0,1.9,0.64571,1.7E-4,162.4,37.6,0,1,0,0,YJ,0.43682,34.4559440612793,-5.2437591552734375,0,NA,0,NA,NA,0
U4_10403,UDS,U4_10403,10403,1.42696,0,1.4267529,10.26,0.244,0.004,2.060,0.034,8.4429,0.876,0.013,2,41.256275,2.0,0.6,1.42696,0.0,52.4,1.0,0,1,1,0,H,0.4164,34.37913131713867,-5.241889953613281,0,NA,0,NA,NA,0
U4_10785,UDS,U4_10785,10785,1.65245,0,1.65249,10.05,0.47,0.021,3.981,0.178,8.4707,0.336,0.024,1,14.125375,1.0,0.8,1.65245,7.0E-5,132.2,13.7,0,1,0,0,H,0.34228,34.4155158996582,-5.240058898925781,0,NA,0,NA,NA,0
U4_11015,UDS,U3_07738,11015,NA,0,0.818203,10.55,0.171,0.003,NA,NA,NA,0.741,0.016,2,0.23442288,1.0,0.3,0.8182,0.0,114.6,0.0,-2,1,0,0,YJ,0.46086,34.3792610168457,-5.240612983703613,0,NA,0,NA,NA,0
U4_11296,UDS,U4_11296,11296,2.38837,0,2.37704,10.2,0.385,0.08,3.137,0.652,8.1481,0.364,0.03,2,28.840317,1.0,0.7,2.38837,7.0E-5,124.4,12.4,0,1,0,0,K,0.39189,34.3486442565918,-5.238931179046631,0,NA,0,NA,NA,0
U4_11462,UDS,U3_08072,11462,0.82397,0,0.812734,10.59,0.368,0.006,2.790,0.045,7.5828,0.838,0.01,2,1.6595869,1.0,0.5,0.82397,5.0E-5,88.6,8.7,0,1,0,0,YJ,0.49458,34.360687255859375,-5.23919677734375,0,NA,0,NA,NA,0
U4_11558,UDS,U4_11558,11558,NA,0,2.2269323,11.14,0.219,0.01,NA,NA,NA,0.602,0.014,2,0.27542287,1.0,0.2,NA,NA,NA,NA,-3,1,0,0,K,0.36606,34.45387268066406,-5.238614082336426,0,NA,0,NA,NA,0
U4_11573,UDS,U4_11573,11573,1.27538,0,1.27505,10.57,0.096,0.007,0.803,0.059,8.3601,0.964,0.035,2,145.92299,5.0,2.8,1.27538,5.0E-5,116.3,9.2,2,1,1,0,H,0.39035,34.286617279052734,-5.237955093383789,0,NA,0,NA,NA,0
U4_11582,UDS,U4_11582,11582,2.18449,0,2.18278,10.81,0.33,0.056,2.731,0.463,8.2749,0.675,0.041,2,92.12405,2.0,1.1,2.18449,5.0E-5,97.1,14.9,2,1,0,0,K,0.38246,34.2828254699707,-5.237594127655029,0,NA,0,NA,NA,0
U4_11918,UDS,U3_08434,11918,1.02998,0,1.02902,9.9,0.99,0.04,7.982,0.323,8.0631,0.412,0.018,1,26.946295,5.0,2.4,1.02998,1.0E-4,178.5,54.1,2,1,1,1,YJ,0.43543,34.25146484375,-5.237593173980713,0,NA,0,NA,NA,0
U4_11992,UDS,U3_07653,11992,0.9269623,0,0.92,10.73,0.283,0.007,2.223,0.055,7.8556,0.636,0.013,2,11.541142,2.0,0.5,0.9269623,3.6E-4,1354.8,58.5,2,1,0,0,YJ,0.43262,34.3341064453125,-5.237678050994873,0,NA,0,NA,NA,0
U4_12280,UDS,U3_08493,12280,0.78672,0,0.786,10.77,0.317,0.004,2.366,0.030,7.4651,0.601,0.008,2,29.901707,5.0,0.7,0.78672,1.7E-4,218.2,30.8,0,1,0,0,YJ,0.49458,34.34747314453125,-5.236877918243408,0,NA,1,9,id_or_target,0
U4_12376,UDS,U4_12376,12376,NA,0,1.36434,10.72,0.061,0.002,NA,NA,NA,0.355,0.026,2,0.52480745,1.0,0.2,1.36434,0.0,115.3,0.0,-2,1,0,0,H,0.39035,34.33047103881836,-5.235330104827881,0,NA,0,NA,NA,0
U4_12486,UDS,U3_08904,12486,NA,0,1.01953,10.36,0.296,0.013,NA,NA,NA,0.582,0.017,2,16.510534,5.0,1.9,NA,NA,NA,NA,-3,1,0,0,YJ,0.43262,34.272151947021484,-5.235253810882568,0,NA,0,NA,NA,0
U4_12626,UDS,U4_12626,12626,0.852,0,0.85237944,10.38,0.465,0.002,3.564,0.015,7.6643,0.43,0.004,2,9.517261,2.0,1.4,0.852,4.2E-4,209.2,61.2,0,1,0,0,YJ,0.79972,34.4642333984375,-5.235986232757568,0,NA,0,NA,NA,0
U4_12708,UDS,U4_12708,12708,2.48456,0,2.4530272,10.93,0.751,0.059,6.070,0.477,8.0829,0.579,0.022,2,384.98703,5.0,0.7,2.48456,3.0E-5,70.1,7.9,0,1,0,0,K,0.37965,34.47647476196289,-5.234711170196533,0,NA,0,NA,NA,0
U4_12959,UDS,U4_12959,12959,1.03619,0,1.02891,9.78,0.463,0.017,3.738,0.137,8.0738,0.596,0.023,1,7.4556785,2.0,0.1,1.03619,2.0E-5,64.2,6.0,0,1,0,0,YJ,0.42321,34.360984802246094,-5.233506202697754,0,NA,0,NA,NA,0
U4_13108,UDS,U4_13108,13108,1.30674,0,1.30481,10.77,0.694,0.011,5.817,0.092,8.3824,0.894,0.01,2,79.01486,5.0,2.1,1.30674,6.0E-5,256.0,7.8,0,1,0,0,H,0.4987,34.47922134399414,-5.233640193939209,0,NA,0,NA,NA,0
U4_13704,UDS,U4_13704,13704,2.22504,0,2.19312,10.41,0.56,0.014,4.621,0.116,8.2512,0.788,0.017,2,47.589825,2.0,0.6,2.22504,4.0E-5,98.5,8.2,0,1,0,0,K,0.38246,34.249080657958984,-5.230815887451172,0,NA,1,82,id_or_target,0
U4_13763,UDS,U4_13763,13763,1.62275,0,1.62479,10.17,0.053,0.003,0.449,0.025,8.4722,0.71,0.051,2,32.703224,2.0,0.5,1.62275,2.0E-5,37.2,6.2,0,1,0,0,H,0.34228,34.3944091796875,-5.230099201202393,0,NA,0,NA,NA,0
U4_13849,UDS,U4_13849,13849,0.91367,0,0.9143953,10.71,0.672,0.006,5.258,0.047,7.8244,0.667,0.005,2,25.187952,2.0,0.9,0.91367,4.0E-5,154.8,6.9,2,1,0,0,YJ,0.41434,34.43574523925781,-5.231643199920654,0,NA,1,23,id_or_target,0
U4_13932,UDS,U4_13932,13932,1.36287,0,1.3646568,9.95,0.328,0.006,2.760,0.050,8.4154,0.888,0.014,1,10.471285,1.0,0.4,1.36287,3.0E-5,69.4,4.5,0,1,0,0,H,0.47093,34.389984130859375,-5.2298197746276855,0,NA,0,NA,NA,0
U4_13952,UDS,U4_13952,13952,2.18195,0,2.183,11.32,0.405,0.02,3.352,0.166,8.2764,0.885,0.018,2,172.89026,5.0,1.7,2.18195,2.0E-5,104.7,4.5,0,1,0,0,K,0.39189,34.3226203918457,-5.230037212371826,0,NA,0,NA,NA,0
U4_14078,UDS,U3_10114,14078,2.53986,0,2.38048,10.49,0.467,0.02,3.757,0.161,8.0443,0.679,0.023,2,65.54513,2.0,0.8,2.53986,1.1E-4,31.3,41.6,0,1,0,0,K,0.42939,34.393985748291016,-5.229608058929443,0,NA,0,NA,NA,0
U4_14170,UDS,U3_10186,14170,0.92143,0,0.921194,10.19,0.376,0.006,2.949,0.047,7.8428,0.357,0.012,2,6.550386,2.0,1.7,0.92143,8.0E-5,133.3,25.2,2,1,0,0,YJ,0.43543,34.26707077026367,-5.229623794555664,0,NA,0,NA,NA,0
U4_14312,UDS,U3_10192,14312,1.03142,0,1.03223,10.51,0.457,0.009,3.686,0.073,8.0656,0.567,0.014,2,33.055435,5.0,1.6,1.03142,6.0E-5,146.2,0.0,0,1,0,0,YJ,0.41919,34.31841278076172,-5.229050159454346,0,NA,0,NA,NA,0
U4_14602,UDS,U3_10523,14602,2.16039,0,2.15932,10.34,0.141,0.011,1.169,0.091,8.2887,0.571,0.043,2,9.549926,1.0,0.2,2.16039,2.0E-5,96.6,5.1,0,1,0,0,K,0.42939,34.355220794677734,-5.22724723815918,0,NA,0,NA,NA,0
U4_14692,UDS,U4_14692,14692,1.50367,0,1.5068028,10.27,0.362,0.007,3.064,0.059,8.4633,0.722,0.014,2,32.847275,2.0,0.9,1.50367,3.0E-5,66.3,5.5,0,1,0,0,H,0.49769,34.35055160522461,-5.227181911468506,0,NA,0,NA,NA,0
U4_14721,UDS,U4_14721,14721,0.6717621,0,0.8174916,10.87,0.369,0.008,2.593,0.056,7.0267,0.789,0.009,2,0.2570396,1.0,0.3,0.6717621,1.8E-4,419.7,46.4,2,1,0,0,YJ,0.52835,34.36042785644531,-5.229327201843262,0,NA,0,NA,NA,0
U4_15063,UDS,U4_15063,15063,1.02591,0,1.0219251,10.89,0.955,0.014,7.693,0.113,8.0560,0.206,0.007,2,39.581295,5.0,1.5,1.02591,6.0E-5,0.0,30.8,0,1,0,0,YJ,0.54263,34.39741134643555,-5.228007793426514,0,NA,0,NA,NA,0
U4_15075,UDS,U3_10848,15075,2.31424,0,2.31822,10.34,0.198,0.006,1.623,0.049,8.1962,0.696,0.025,2,16.218102,1.0,0.7,2.31424,6.0E-5,71.0,12.3,0,1,0,0,K,0.42939,34.39078140258789,-5.22568416595459,0,NA,0,NA,NA,0
U4_15168,UDS,U4_15168,15168,1.606,0,1.63663,10.02,0.367,0.026,3.109,0.220,8.4725,0.218,0.026,2,2.9512093,1.0,0.3,1.606,3.0E-5,128.4,7.1,0,1,0,0,H,0.35566,34.401527404785156,-5.226080894470215,0,NA,0,NA,NA,0
U4_15220,UDS,U4_15220,15220,1.36746,1,1.36316,10.82,0.297,0.023,2.500,0.194,8.4177,0.506,0.029,2,30.454775,2.0,0.2,1.36746,1.3E-4,139.2,31.5,2,1,0,0,H,0.34228,34.3829231262207,-5.226507186889648,0,NA,0,NA,NA,0
U4_15499,UDS,U4_15499,15499,NA,0,0.924,10.92,0.406,0.01,NA,NA,NA,0.808,0.012,2,0.4365158,1.0,0.5,NA,NA,NA,NA,-3,1,0,0,YJ,0.70315,34.293739318847656,-5.2258830070495605,0,NA,0,NA,NA,0
U4_15611,UDS,U4_15611,15611,0.82504,0,0.8255905,9.86,0.635,0.032,4.817,0.243,7.5860,0.33,0.017,1,2.7542286,1.0,0.6,0.82504,3.0E-4,145.3,45.2,2,1,0,0,YJ,0.44084,34.393306732177734,-5.226322174072266,0,NA,0,NA,NA,0
U4_15653,UDS,U4_15653,15653,1.59936,0,1.6439998,10.85,0.702,0.023,5.948,0.195,8.4724,0.27,0.011,2,41.142914,2.0,0.3,1.59936,6.0E-5,118.3,9.5,0,1,0,0,H,0.54057,34.40579605102539,-5.225100994110107,0,NA,0,NA,NA,0
U4_15759,UDS,U4_15759,15759,NA,0,0.8328378,10.9,0.196,0.004,NA,NA,NA,0.446,0.014,2,0.15848932,1.0,0.3,NA,NA,NA,NA,-3,1,0,0,YJ,0.38733,34.42134094238281,-5.225232124328613,0,NA,0,NA,NA,0
U4_16047,UDS,U4_16047,16047,0.77841,0,0.77802,9.43,0.4,0.012,2.975,0.089,7.4374,0.468,0.017,1,4.5200753,2.0,0.7,0.77841,9.0E-5,116.4,17.0,0,1,0,0,YJ,0.37052,34.28240203857422,-5.223014831542969,0,NA,0,NA,NA,0
U4_16101,UDS,U4_16101,16101,1.66495,0,1.66846,9.84,0.081,0.003,0.686,0.025,8.4696,0.708,0.031,1,106.15994,2.0,0.9,1.66495,6.0E-5,407.0,15.6,0,1,0,0,H,0.38754,34.44818878173828,-5.223238945007324,0,NA,0,NA,NA,0
U4_16442,UDS,U4_16442,16442,2.21777,0,2.42194,11.22,0.508,0.057,4.194,0.471,8.2555,0.492,0.037,2,168.20126,2.0,1.8,2.21777,1.1E-4,247.5,25.7,0,1,0,0,K,0.39189,34.336666107177734,-5.221107006072998,0,NA,0,NA,NA,0
U4_16513,UDS,U3_11909,16513,NA,0,2.49037,10.84,0.071,0.007,NA,NA,NA,0.523,0.065,2,0.67608297,1.0,0.5,NA,NA,NA,NA,-3,1,0,0,K,0.40605,34.42214584350586,-5.2207231521606445,0,NA,0,NA,NA,0
U4_16709,UDS,U4_16709,16709,NA,1,2.4768476,11.2,0.121,0.006,NA,NA,NA,0.364,0.037,2,0.31622776,1.0,0.0,NA,NA,NA,NA,-3,1,0,0,K,0.37262,34.23250961303711,-5.220183849334717,0,NA,0,NA,NA,0
U4_16872,UDS,U4_16872,16872,NA,0,0.82900745,10.67,0.306,0.005,NA,NA,NA,0.771,0.009,2,0.060255956,1.0,0.3,NA,NA,NA,NA,-3,1,0,0,YJ,0.54263,34.370601654052734,-5.221613883972168,0,NA,0,NA,NA,0
U4_17022,UDS,U4_17022,17022,NA,0,2.3469424,11.11,0.292,0.032,NA,NA,NA,0.722,0.031,2,0.2570396,1.0,0.0,NA,NA,NA,NA,-3,1,0,0,K,0.48781,34.32662582397461,-5.219645977020264,0,NA,0,NA,NA,0
U4_17264,UDS,U3_12447,17264,NA,0,2.28425,11.14,0.104,0.005,NA,NA,NA,0.951,0.037,2,0.27542287,1.0,0.0,NA,NA,NA,NA,-3,1,0,0,K,0.40605,34.405799865722656,-5.2188568115234375,0,NA,0,NA,NA,0
U4_17332,UDS,U4_17332,17332,NA,0,0.8025735,10.22,0.309,0.005,NA,NA,NA,0.401,0.011,2,0.13182567,1.0,0.5,NA,NA,NA,NA,-3,1,0,0,YJ,0.5545,34.40980529785156,-5.219458103179932,0,NA,0,NA,NA,0
U4_17637,UDS,U4_17637,17637,NA,0,0.8108429,10.69,0.261,0.004,NA,NA,NA,0.273,0.01,2,0.38904515,1.0,0.6,NA,NA,NA,NA,-3,1,0,0,YJ,0.40183,34.452911376953125,-5.219098091125488,0,NA,0,NA,NA,0
U4_17858,UDS,U4_17858,17858,1.6636,0,1.6664637,11.19,0.394,0.02,3.337,0.169,8.4698,0.639,0.021,2,42.68887,2.0,0.7,1.6636,8.0E-5,222.2,13.4,0,1,0,0,H,0.44119,34.446189880371094,-5.218138217926025,0,NA,0,NA,NA,0
U4_17861,UDS,U4_17861,17861,1.37979,1,1.37501,10.36,0.272,0.007,2.291,0.059,8.4236,0.468,0.021,2,19.104784,2.0,1.7,1.37979,1.4E-4,185.8,55.0,2,1,0,0,H,0.39035,34.278743743896484,-5.216404914855957,0,NA,0,NA,NA,0
U4_17879,UDS,U3_12280,17879,1.03129,0,1.031,11.08,0.5,0.012,4.033,0.097,8.0654,0.342,0.009,2,18.467035,4.0,0.9,1.03129,3.0E-5,77.7,7.1,0,1,1,0,YJ,0.38097,34.315155029296875,-5.21878719329834,0,NA,0,NA,NA,0
U4_18070,UDS,U4_18070,18070,NA,0,0.811598,10.73,0.329,0.005,NA,NA,NA,0.838,0.008,2,0.107151926,1.0,0.4,NA,NA,NA,NA,-3,1,0,0,YJ,0.38733,34.412353515625,-5.218081951141357,0,NA,0,NA,NA,0
U4_18191,UDS,U4_18191,18191,2.2241,0,2.2245,10.25,0.4,0.031,3.301,0.256,8.2517,0.339,0.037,2,17.378008,1.0,0.7,2.2241,6.0E-5,126.2,17.3,0,1,0,0,K,0.48781,34.32206344604492,-5.215472221374512,0,NA,0,NA,NA,0
U4_18282,UDS,U4_18282,18282,1.4264,0,1.4250373,10.02,0.407,0.021,3.436,0.177,8.4427,0.416,0.02,1,7.7624707,1.0,0.6,1.4264,2.0E-5,80.5,3.9,0,1,0,0,H,0.4164,34.37357711791992,-5.215592861175537,0,NA,0,NA,NA,0
U4_18447,UDS,U4_18447,18447,NA,0,1.49179,10.44,0.218,0.018,NA,NA,NA,0.692,0.044,2,0.9332543,1.0,0.8,NA,NA,NA,NA,-3,1,0,0,H,0.40033,34.39276123046875,-5.214416980743408,0,NA,0,NA,NA,0
U4_18543,UDS,U4_18543,18543,NA,0,0.90885,9.52,0.785,0.049,NA,NA,NA,0.175,0.024,1,8.099599,2.0,1.1,0.90885,0.0,114.1,0.0,-2,1,0,0,YJ,0.44084,34.38449478149414,-5.214518070220947,0,NA,0,NA,NA,0
U4_18696,UDS,U3_13489,18696,0.91193,0,0.911628,9.96,0.317,0.006,2.479,0.047,7.8202,0.554,0.011,1,25.919014,4.0,0.7,0.91193,1.0E-5,83.1,3.2,2,1,0,0,YJ,0.46086,34.370849609375,-5.2144927978515625,0,NA,0,NA,NA,0
U4_18701,UDS,U3_13321,18701,0.91209,0,0.913681,10.83,0.407,0.007,3.183,0.055,7.8206,0.725,0.01,1,15.427475,2.0,0.8,0.91209,1.1E-4,132.1,21.6,2,1,0,0,YJ,0.54574,34.32599639892578,-5.2154622077941895,0,NA,0,NA,NA,0
U4_18706,UDS,U4_18706,18706,0.913,0,0.91363,9.62,0.315,0.014,2.464,0.110,7.8228,0.835,0.023,1,0.9332543,1.0,0.3,0.913,3.0E-5,14.9,8.3,2,1,0,0,YJ,0.3968,34.36123275756836,-5.214081764221191,0,NA,0,NA,NA,0
U4_18751,UDS,U3_13510,18751,0.9122,0,0.909087,10.09,0.264,0.005,2.065,0.039,7.8209,0.412,0.015,2,18.293901,4.0,0.8,0.9122,3.0E-5,77.5,7.2,2,1,0,0,YJ,0.42702,34.33721160888672,-5.214332103729248,0,NA,0,NA,NA,0
U4_18760,UDS,U4_18760,18760,NA,0,0.7858454,11.18,0.418,0.006,NA,NA,NA,0.848,0.005,2,0.3019952,1.0,0.5,0.78585,0.0,114.3,0.0,-2,1,0,0,YJ,0.70315,34.26499938964844,-5.2142109870910645,0,NA,0,NA,NA,0
U4_18807,UDS,U4_18807,18807,2.17996,0,2.1349,10.97,0.226,0.007,1.871,0.058,8.2775,0.914,0.021,2,95.3359,2.0,1.0,2.17996,2.0E-5,78.5,4.1,0,1,0,0,K,0.38246,34.29613494873047,-5.213624000549316,0,NA,0,NA,NA,0
U4_18866,UDS,U4_18866,18866,0.98709,0,1.01275,9.48,0.277,0.014,2.212,0.112,7.9838,0.332,0.027,1,4.6773515,1.0,0.7,0.98709,6.0E-5,76.9,11.2,0,1,0,0,YJ,0.37052,34.33134460449219,-5.213628768920898,0,NA,0,NA,NA,0
U4_18957,UDS,U4_18957,18957,0.91066,0,0.9154912,9.77,0.362,0.012,2.830,0.094,7.8171,0.563,0.016,1,8.245588,2.0,0.4,0.91066,1.0E-5,75.8,3.1,2,1,0,0,YJ,0.53559,34.37041473388672,-5.213805198669434,0,NA,0,NA,NA,0
U4_19003,UDS,U4_19003,19003,0.91997,1,0.919,11.41,0.804,0.014,6.303,0.110,7.8393,0.655,0.005,2,12.805145,2.0,0.9,0.91997,1.9E-4,641.3,36.3,2,1,0,0,YJ,0.54263,34.351646423339844,-5.214503765106201,0,NA,0,NA,NA,0
U4_19529,UDS,U3_14080,19529,0.91194,0,0.910941,10.42,0.26,0.005,2.033,0.039,7.8202,0.653,0.013,2,114.643456,5.0,1.3,0.91194,2.5E-4,297.5,45.7,2,1,0,0,YJ,0.46329,34.36188888549805,-5.212522029876709,0,NA,0,NA,NA,0
U4_19575,UDS,U3_14150,19575,0.89593,0,0.896,10.26,0.414,0.004,3.221,0.031,7.7809,0.646,0.008,2,20.555786,2.0,1.2,0.89593,3.0E-5,93.4,6.1,0,1,0,0,YJ,0.43905,34.241676330566406,-5.2118330001831055,0,NA,0,NA,NA,0
U4_19705,UDS,U4_19705,19705,NA,0,0.8272119,10.47,0.173,0.004,NA,NA,NA,0.711,0.02,2,0.04897789,1.0,0.3,0.82721,0.0,113.2,0.0,-2,1,0,0,YJ,0.41974,34.47529220581055,-5.210940837860107,0,NA,0,NA,NA,0
U4_19708,UDS,U4_19708,19708,1.66472,0,1.6644076,11.26,0.789,0.012,6.683,0.102,8.4697,0.673,0.008,2,210.35791,2.0,0.6,1.66472,5.0E-5,189.4,5.5,0,1,0,0,H,0.40033,34.38905334472656,-5.211503982543945,0,NA,1,59,id_or_target,0
U4_19754,UDS,U4_19754,19754,1.46254,0,1.4671,9.75,0.341,0.011,2.883,0.093,8.4539,0.534,0.02,1,4.265795,1.0,0.1,1.46254,1.0E-5,77.8,2.4,0,1,0,0,H,0.45056,34.41215515136719,-5.210303783416748,0,NA,0,NA,NA,0
U4_19954,UDS,U4_19954,19954,0.91392,0,0.9136,11.13,0.986,0.014,7.715,0.110,7.8250,0.228,0.007,2,73.40872,5.0,2.3,0.91392,5.9E-4,314.6,60.8,2,1,0,0,YJ,0.5545,34.41048812866211,-5.210652828216553,0,NA,1,21,id_or_target,0
U4_20404,UDS,U4_20404,20404,0.82161,0,0.82394,9.85,0.561,0.009,4.250,0.068,7.5756,0.328,0.011,1,3.9525528,2.0,0.2,0.82161,3.0E-5,67.1,15.8,0,1,0,0,YJ,0.44084,34.37273406982422,-5.208588123321533,0,NA,0,NA,NA,0
U4_20506,UDS,U3_13994,20506,0.78296,0,0.775279,10.94,0.63,0.007,4.695,0.052,7.4527,0.754,0.007,2,34.530815,5.0,0.4,0.78296,4.0E-5,47.6,19.6,0,1,0,0,YJ,0.38638,34.272857666015625,-5.210251808166504,0,NA,0,NA,NA,0
U4_20523,UDS,U4_20523,20523,NA,1,2.20758,10.52,0.076,0.008,NA,NA,NA,0.829,0.07,2,7.24436,1.0,0.5,NA,NA,NA,NA,-3,1,0,0,K,0.37965,34.46539306640625,-5.207347869873047,0,NA,0,NA,NA,0
U4_20547,UDS,U4_20547,20547,2.18934,0,2.1905,10.6,0.326,0.01,2.697,0.083,8.2721,0.614,0.021,2,60.821922,2.0,1.1,2.18934,4.0E-5,129.6,4.7,0,1,0,0,K,0.41426,34.28269577026367,-5.207394123077393,0,NA,0,NA,NA,0
U4_20584,UDS,U4_20584,20584,0.80304,0,0.8037,10.61,0.221,0.004,1.661,0.030,7.5180,0.882,0.015,2,5.2991376,2.0,0.6,0.80304,1.0E-5,42.2,3.9,0,1,0,0,YJ,0.71425,34.31249237060547,-5.208107948303223,0,NA,0,NA,NA,0
U4_20682,UDS,U3_15027,20682,2.2982,0,2.29492,10.26,0.328,0.018,2.692,0.148,8.2063,0.443,0.026,2,13.803843,1.0,0.5,2.2982,3.0E-5,77.1,6.6,0,1,0,0,K,0.42939,34.386531829833984,-5.207141876220703,0,NA,0,NA,NA,0
U4_20688,UDS,U4_20688,20688,0.62559,0,0.8242194,11.0,1.056,0.007,7.195,0.048,6.8138,0.66,0.003,2,19.454943,5.0,0.9,0.62559,2.2E-4,171.7,35.7,2,1,0,0,YJ,0.70315,34.26750564575195,-5.209150791168213,0,NA,1,2,id_or_target,0
U4_20694,UDS,U4_20694,20694,NA,0,2.2890573,11.07,0.433,0.012,NA,NA,NA,0.422,0.018,2,173.48924,5.0,2.4,NA,NA,NA,NA,-3,1,0,0,K,0.37965,34.439674377441406,-5.207091808319092,0,NA,0,NA,NA,0
U4_20704,UDS,U4_20704,20704,2.19054,0,2.1941,11.46,0.838,0.092,6.931,0.761,8.2715,0.45,0.025,2,232.37468,2.0,0.9,2.19054,2.7E-4,233.6,45.3,0,1,0,0,K,0.39723,34.27082061767578,-5.207870960235596,0,NA,1,75,id_or_target,0
U4_20770,UDS,U3_15100,20770,NA,0,2.14678,10.96,0.851,0.049,NA,NA,NA,0.23,0.023,2,22.429976,2.0,2.1,NA,NA,NA,NA,-3,1,0,0,K,0.42939,34.38188171386719,-5.206741809844971,0,NA,0,NA,NA,0
U4_20881,UDS,U4_20881,20881,NA,0,1.27164,9.66,0.615,0.059,NA,NA,NA,0.455,0.03,1,0.8128305,1.0,0.0,NA,NA,NA,NA,-3,1,1,0,YJ,0.44084,34.39189147949219,-5.20635986328125,0,NA,0,NA,NA,0
U4_20987,UDS,U4_20987,20987,0.9114,0,0.9115089,9.73,0.336,0.006,2.627,0.047,7.8189,0.437,0.014,1,22.01332,4.0,1.2,0.9114,2.0E-5,84.1,6.4,2,1,0,0,YJ,0.55829,34.430850982666016,-5.206174850463867,0,NA,0,NA,NA,0
U4_21217,UDS,U4_21217,21217,NA,0,1.37738,10.94,0.604,0.016,NA,NA,NA,0.378,0.012,2,0.8709636,1.0,1.0,NA,NA,NA,NA,-3,1,0,0,H,0.42944,34.356849670410156,-5.206829071044922,0,NA,0,NA,NA,0
U4_21424,UDS,U4_21424,21424,1.65632,0,1.65515,10.26,0.719,0.016,6.090,0.136,8.4704,0.441,0.015,2,8.912509,1.0,0.4,1.65632,3.0E-5,146.1,6.1,0,1,0,0,H,0.39035,34.2858772277832,-5.204579830169678,0,NA,0,NA,NA,0
U4_21533,UDS,U3_15226,21533,0.92165,0,0.921717,11.11,0.728,0.008,5.710,0.063,7.8433,0.567,0.005,2,43.199867,5.0,0.6,0.92165,2.0E-5,155.8,3.9,2,1,0,0,YJ,0.49607,34.33818435668945,-5.2066650390625,1,11,1,25,id_or_target,0
U4_21573,UDS,U4_21573,21573,1.66446,0,1.66046,10.03,1.714,0.244,14.517,2.067,8.4697,0.693,0.034,1,3.8018937,1.0,0.0,1.66446,1.0E-5,49.8,1.7,0,1,0,0,H,0.34228,34.37672424316406,-5.204672813415527,0,NA,0,NA,NA,0
U4_21989,UDS,U4_21989,21989,0.92127,0,0.91937155,10.61,0.202,0.007,1.584,0.055,7.8424,0.592,0.024,2,5.94367,2.0,0.7,0.92127,8.0E-5,191.4,19.5,2,1,0,0,YJ,0.54829,34.389732360839844,-5.202902793884277,0,NA,0,NA,NA,0
U4_22170,UDS,U4_22170,22170,0.82337,0,0.8235136,9.66,0.223,0.004,1.691,0.030,7.5810,0.863,0.015,1,3.311311,1.0,0.4,0.82337,2.0E-5,44.6,10.1,0,1,0,0,YJ,0.42321,34.341453552246094,-5.202245235443115,0,NA,0,NA,NA,0
U4_22199,UDS,U4_22199,22199,0.9147,0,0.9149329,10.65,0.604,0.012,4.727,0.094,7.8268,0.578,0.009,2,32.21234,5.0,1.1,0.9147,6.0E-5,171.4,16.6,2,1,0,0,YJ,0.53559,34.37562561035156,-5.203996181488037,0,NA,1,24,id_or_target,0
U4_22227,UDS,U3_16262,22227,2.28899,0,2.29728,11.27,0.3,0.01,2.464,0.082,8.2121,0.939,0.022,2,225.92113,5.0,2.2,2.28899,5.0E-5,120.7,8.3,0,1,0,0,K,0.42939,34.424156188964844,-5.201863765716553,0,NA,0,NA,NA,0
U4_22334,UDS,U4_22334,22334,1.66455,0,1.6278801,10.74,0.815,0.034,6.903,0.288,8.4697,0.344,0.019,2,50.18043,2.0,1.0,1.66455,6.0E-5,184.0,8.2,2,1,0,0,H,0.48162,34.391292572021484,-5.202991962432861,0,NA,0,NA,NA,0
U4_22575,UDS,U4_22575,22575,1.65091,0,1.650967,10.15,0.188,0.007,1.593,0.059,8.4708,0.749,0.025,2,20.892963,1.0,0.5,1.65091,0.0,62.2,1.2,0,1,0,0,H,0.48705,34.43760681152344,-5.201414108276367,0,NA,0,NA,NA,0
U4_22581,UDS,U4_22581,22581,2.16643,0,2.20481,10.19,0.46,0.017,3.811,0.141,8.2853,0.441,0.022,2,15.488168,1.0,0.6,2.16643,8.0E-5,193.1,12.9,0,1,0,0,K,0.43857,34.26249694824219,-5.200982093811035,0,NA,0,NA,NA,0
U4_22621,UDS,U4_22621,22621,1.03191,0,1.0620248,10.66,0.158,0.004,1.274,0.032,8.0664,0.926,0.02,2,0.45708817,1.0,0.6,1.03191,1.4E-4,30.8,30.5,0,1,0,0,YJ,0.38733,34.44199752807617,-5.201674938201904,0,NA,0,NA,NA,0
U4_22669,UDS,U3_16716,22669,2.46649,0,2.46427,10.52,0.31,0.035,2.510,0.283,8.0954,0.58,0.037,2,14.454396,1.0,0.7,2.46649,6.0E-5,98.1,13.2,0,1,0,0,K,0.42695,34.34184646606445,-5.2004218101501465,0,NA,0,NA,NA,0
U4_22789,UDS,U4_22789,22789,0.91319,0,0.91215,10.25,0.431,0.005,3.372,0.039,7.8232,0.63,0.008,2,18.519371,4.0,0.3,0.91319,1.0E-5,84.2,3.3,2,1,0,0,YJ,0.71425,34.32403564453125,-5.2023420333862305,0,NA,0,NA,NA,0
U4_22990,UDS,U3_16817,22990,0.78669,0,0.786937,10.68,0.667,0.007,4.979,0.052,7.4650,0.342,0.006,2,39.731453,5.0,1.6,0.78669,3.4E-4,212.4,42.4,2,1,0,0,YJ,0.43905,34.2876091003418,-5.200220108032227,0,NA,0,NA,NA,0
U4_23118,UDS,U3_17036,23118,NA,0,2.08676,10.43,0.237,0.015,NA,NA,NA,0.353,0.049,2,115.01162,2.0,0.7,NA,NA,NA,NA,-3,1,0,0,K,0.43202,34.364498138427734,-5.198997974395752,0,NA,0,NA,NA,0
U4_23163,UDS,U4_23163,23163,2.1507,0,2.1508527,10.02,0.409,0.015,3.392,0.124,8.2941,0.278,0.023,1,19.952621,1.0,0.2,2.1507,2.0E-5,73.5,5.0,0,1,0,0,K,0.42464,34.386627197265625,-5.1988677978515625,0,NA,0,NA,NA,0
U4_23333,UDS,U4_23333,23333,NA,0,1.36198,10.71,0.148,0.007,NA,NA,NA,0.706,0.033,2,0.1023293,1.0,0.5,1.36198,0.0,115.1,0.0,-2,1,0,0,H,0.4196,34.4676513671875,-5.198674201965332,0,NA,0,NA,NA,0
U4_23396,UDS,U4_23396,23396,0.79402,1,0.8069825,10.57,0.162,0.003,1.213,0.022,7.4891,0.808,0.014,2,0.07413103,1.0,0.2,0.79402,1.2E-4,139.7,23.1,0,1,0,0,YJ,0.56277,34.397823333740234,-5.198885917663574,0,NA,0,NA,NA,0
U4_23425,UDS,U4_23425,23425,0.90267,0,0.90408,9.37,0.145,0.008,1.131,0.062,7.7977,0.486,0.041,1,3.0199516,1.0,0.9,0.90267,3.0E-5,43.2,15.3,2,1,0,0,YJ,0.66938,34.45273208618164,-5.197545051574707,0,NA,0,NA,NA,0
U4_23534,UDS,U4_23534,23534,0.92064,0,0.9204663,10.76,0.315,0.003,2.470,0.024,7.8409,0.867,0.007,2,87.99015,5.0,1.6,0.92064,4.0E-5,193.8,7.7,2,1,0,0,YJ,0.5545,34.406673431396484,-5.198819160461426,0,NA,0,NA,NA,0
U4_23567,UDS,U4_23567,23567,0.91112,0,0.90789,9.57,0.334,0.013,2.611,0.102,7.8183,0.668,0.02,1,3.311311,1.0,0.4,0.91112,3.0E-5,86.7,6.2,2,1,0,0,YJ,0.79972,34.458805084228516,-5.19736909866333,0,NA,0,NA,NA,0
U4_23701,UDS,U4_23701,23701,0.94214,0,0.942,11.13,0.41,0.006,3.235,0.047,7.8900,0.857,0.008,2,6.9678907,2.0,0.4,0.94214,1.2E-4,495.0,46.4,2,1,0,0,YJ,0.53559,34.34157943725586,-5.19901704788208,0,NA,0,NA,NA,0
U4_23741,UDS,U4_23741,23741,1.34184,0,1.34199,9.78,0.263,0.011,2.210,0.092,8.4040,0.512,0.031,1,7.4131026,1.0,0.8,1.34184,5.0E-5,67.6,7.7,0,1,0,0,H,0.42944,34.3626708984375,-5.196619987487793,0,NA,0,NA,NA,0
U4_23956,UDS,U4_23956,23956,2.21438,0,2.21817,10.54,0.467,0.024,3.856,0.198,8.2575,0.357,0.029,2,41.1977,2.0,0.2,2.21438,1.6E-4,194.0,38.4,2,1,0,0,K,0.70285,34.235679626464844,-5.19586706161499,0,NA,0,NA,NA,0
U4_23962,UDS,U4_23962,23962,NA,0,0.94741,9.66,0.2,0.006,NA,NA,NA,0.477,0.022,1,8.964322,2.0,1.1,0.94741,0.0,116.3,0.0,-2,1,0,0,YJ,0.42321,34.32814407348633,-5.196163177490234,0,NA,0,NA,NA,0
U4_24247,UDS,U4_24247,24247,2.19054,0,2.192,10.7,0.548,0.016,4.533,0.132,8.2715,0.245,0.019,2,72.67509,2.0,1.2,2.19054,2.0E-5,104.8,4.1,0,1,0,0,K,0.39189,34.311275482177734,-5.195010185241699,0,NA,0,NA,NA,0
U4_24519,UDS,U4_24519,24519,1.50392,0,1.5041938,9.9,0.153,0.01,1.295,0.085,8.4634,0.684,0.052,1,5.8884363,1.0,0.9,1.50392,9.0E-5,58.5,22.0,2,1,0,0,H,0.39903,34.38418960571289,-5.193986892700195,0,NA,0,NA,NA,0
U4_24526,UDS,U4_24526,24526,1.61515,1,1.49428,10.25,0.181,0.017,1.534,0.144,8.4724,0.814,0.053,2,0.17378008,1.0,0.5,1.61515,4.2E-4,255.4,53.7,2,1,0,0,H,0.4024,34.26101303100586,-5.193985939025879,0,NA,0,NA,NA,0
U4_24609,UDS,U4_24609,24609,2.29784,0,2.2884,10.24,0.429,0.015,3.521,0.123,8.2066,0.416,0.02,2,21.379623,1.0,0.8,2.29784,8.0E-5,148.1,12.7,0,1,0,0,K,0.42464,34.39519119262695,-5.19395112991333,0,NA,0,NA,NA,0
U4_24742,UDS,U3_18162,24742,0.92046,0,0.920426,9.85,0.539,0.01,4.226,0.078,7.8405,0.4,0.012,1,4.4668355,1.0,0.3,0.92046,3.0E-5,99.2,6.4,2,1,0,0,YJ,0.42702,34.357872009277344,-5.194458961486816,0,NA,0,NA,NA,0
U4_24947,UDS,U3_18367,24947,NA,0,2.29666,10.86,0.092,0.007,NA,NA,NA,0.963,0.061,2,0.14454399,1.0,0.0,NA,NA,NA,NA,-3,1,0,0,K,0.43202,34.385108947753906,-5.1923651695251465,0,NA,0,NA,NA,0
U4_24953,UDS,U4_24953,24953,1.37121,0,1.37619,11.08,0.307,0.005,2.585,0.042,8.4195,0.755,0.01,2,33.206715,2.0,0.5,1.37121,1.3E-4,194.3,22.3,0,1,0,0,H,0.39035,34.315956115722656,-5.193655014038086,0,NA,0,NA,NA,0
U4_25158,UDS,U4_25158,25158,1.65609,0,1.65249,9.87,0.308,0.011,2.609,0.093,8.4704,0.377,0.026,1,29.477654,2.0,0.6,1.65609,4.0E-5,142.9,8.2,0,1,0,0,H,0.4024,34.26541519165039,-5.191812992095947,0,NA,0,NA,NA,0
U4_25264,UDS,U4_25264,25264,1.52522,0,1.51683,9.84,0.254,0.007,2.151,0.059,8.4669,0.788,0.021,1,6.6069345,1.0,0.2,1.52522,1.0E-5,57.5,2.7,0,1,1,0,H,0.48916,34.47669219970703,-5.191802024841309,0,NA,0,NA,NA,0
U4_25436,UDS,U3_18677,25436,0.82195,0,0.824233,9.86,0.293,0.01,2.220,0.076,7.5767,0.614,0.02,1,14.447488,4.0,2.7,0.82195,1.0E-4,89.4,31.6,0,1,0,0,YJ,0.38638,34.29119110107422,-5.191472053527832,0,NA,0,NA,NA,0
U4_25513,UDS,U4_25513,25513,0.82148,0,0.82577,9.62,0.523,0.017,3.962,0.129,7.5752,0.359,0.017,1,1.1481537,1.0,0.0,0.82148,7.0E-5,67.4,16.4,0,1,0,0,YJ,0.3968,34.351539611816406,-5.191594123840332,0,NA,0,NA,NA,0
U4_25642,UDS,U4_25642,25642,1.4184,0,1.4196,10.5,0.431,0.005,3.638,0.042,8.4398,0.804,0.01,2,27.586784,2.0,0.6,1.4184,1.0E-5,96.5,2.2,0,1,0,0,H,0.45768,34.39474868774414,-5.191058158874512,0,NA,0,NA,NA,0
U4_25808,UDS,U4_25808,25808,2.02802,0,2.0294163,10.34,0.482,0.011,4.028,0.092,8.3578,0.275,0.015,2,41.070496,2.0,0.6,2.02802,3.0E-5,211.0,6.0,0,1,0,0,K,0.37965,34.45927810668945,-5.189854145050049,0,NA,0,NA,NA,0
U4_25836,UDS,U4_25836,25836,1.4769,0,1.48681,10.08,0.302,0.024,2.554,0.203,8.4576,0.569,0.043,2,14.791082,1.0,2.1,1.4769,1.9E-4,133.8,36.7,0,1,0,0,H,0.40745,34.43042755126953,-5.189824104309082,0,NA,0,NA,NA,0
U4_25923,UDS,U4_25923,25923,0.78543,0,0.785,10.53,0.715,0.008,5.335,0.060,7.4609,0.493,0.007,2,9.276417,2.0,1.0,0.78543,2.1E-4,131.9,34.1,2,1,0,0,YJ,0.5545,34.44565963745117,-5.190957069396973,0,NA,0,NA,NA,0
U4_26011,UDS,U4_26011,26011,1.44662,1,1.64455,10.58,0.111,0.005,0.938,0.042,8.4493,0.603,0.032,2,0.38018942,1.0,0.7,1.44662,0.0,115.0,0.0,-1,1,0,0,H,0.39035,34.320457458496094,-5.1891279220581055,0,NA,0,NA,NA,0
U4_26012,UDS,U4_26012,26012,2.31941,0,2.3161695,11.06,0.364,0.024,2.982,0.197,8.1929,0.721,0.025,2,252.83478,5.0,1.1,2.31941,6.0E-5,204.9,13.9,2,1,0,0,K,0.44057,34.26526641845703,-5.189511775970459,0,NA,0,NA,NA,0
U4_26264,UDS,U4_26264,26264,2.17614,0,2.1772,9.96,0.166,0.007,1.374,0.058,8.2797,0.559,0.034,1,10.964781,1.0,0.2,2.17614,2.0E-5,76.5,7.4,0,1,0,0,K,0.37278,34.26304244995117,-5.1884541511535645,0,NA,0,NA,NA,0
U4_26491,UDS,U4_26491,26491,1.37304,0,1.37145,10.1,0.454,0.017,3.823,0.143,8.4204,0.33,0.019,2,9.772372,1.0,1.1,1.37304,5.0E-5,128.4,10.2,0,1,0,0,H,0.42109,34.4282112121582,-5.18740701675415,0,NA,0,NA,NA,0
U4_26605,UDS,U3_19342,26605,0.9245111,0,0.919,11.03,0.311,0.005,2.441,0.039,7.8499,0.661,0.009,2,6.5264974,2.0,0.4,0.9245111,1.0E-5,1539.8,11.4,2,1,0,0,YJ,0.46419,34.358272552490234,-5.18885612487793,0,NA,0,NA,NA,0
U4_26663,UDS,U4_26663,26663,2.46714,0,2.17069,10.77,0.386,0.018,3.125,0.146,8.0949,0.779,0.028,2,76.89696,2.0,0.5,2.46714,2.6E-4,145.5,44.9,2,1,0,1,K,0.40015,34.317867279052734,-5.187084197998047,0,NA,0,NA,NA,0
U4_26875,UDS,U4_26875,26875,1.36434,0,1.3678902,11.18,0.242,0.005,2.037,0.042,8.4161,0.706,0.013,2,166.654,5.0,1.9,1.36434,2.9E-4,289.1,54.9,0,1,0,0,H,0.45252,34.41813659667969,-5.187985897064209,0,NA,0,NA,NA,0
U4_26977,UDS,U4_26977,26977,2.15595,0,1.77875,10.89,0.133,0.008,1.103,0.066,8.2912,0.837,0.036,2,89.95751,2.0,0.5,2.15595,7.0E-5,179.6,11.0,0,1,0,0,K,0.40105,34.293819427490234,-5.185779094696045,0,NA,0,NA,NA,0
U4_27046,UDS,U4_27046,27046,2.53104,0,2.53,10.8,0.375,0.011,3.019,0.089,8.0505,0.644,0.018,2,254.73802,5.0,1.1,2.53104,7.0E-5,140.2,11.1,2,1,0,0,K,0.40105,34.253639221191406,-5.18593692779541,0,NA,0,NA,NA,0
U4_27116,UDS,U4_27116,27116,NA,1,0.89648,9.49,0.574,0.029,NA,NA,NA,0.121,0.024,1,0.29512095,1.0,0.1,0.89648,0.0,115.7,0.0,-2,1,0,0,YJ,0.37052,34.28349685668945,-5.185342788696289,0,NA,0,NA,NA,0
U4_27174,UDS,U4_27174,27174,2.3181,0,2.3489,10.44,0.417,0.039,3.417,0.320,8.1938,0.389,0.038,1,20.892963,1.0,0.9,2.3181,7.0E-5,38.0,18.0,0,1,0,0,K,0.37278,34.260013580322266,-5.185263156890869,0,NA,0,NA,NA,0
U4_27256,UDS,U4_27256,27256,1.4172,0,1.417746,10.49,0.528,0.011,4.456,0.093,8.4393,0.797,0.013,2,42.266056,2.0,0.6,1.4172,4.0E-5,82.6,6.0,2,1,0,0,H,0.51496,34.44808578491211,-5.1853718757629395,0,NA,1,40,id_or_target,0
U4_27569,UDS,U4_27569,27569,2.15732,0,2.1584,10.37,0.389,0.023,3.225,0.191,8.2904,0.912,0.025,2,76.26783,2.0,0.8,2.15732,7.0E-5,57.8,11.9,2,1,0,0,K,0.45286,34.294960021972656,-5.184261798858643,0,NA,0,NA,NA,0
U4_27928,UDS,U4_27928,27928,1.41933,0,1.4253764,10.74,0.49,0.008,4.136,0.068,8.4401,0.556,0.011,2,44.445885,2.0,1.8,1.41933,8.0E-5,224.5,9.2,0,1,0,0,H,0.45252,34.42319107055664,-5.182923793792725,0,NA,0,NA,NA,0
U4_28004,UDS,U4_28004,28004,0.78704,0,0.78604,9.45,0.399,0.009,2.979,0.067,7.4662,0.244,0.014,1,7.9598093,2.0,1.1,0.78704,2.0E-5,71.4,6.4,0,1,0,0,YJ,0.37052,34.30790328979492,-5.183405876159668,0,NA,0,NA,NA,0
U4_28252,UDS,U4_28252,28252,NA,0,0.80676305,11.01,0.529,0.005,NA,NA,NA,0.285,0.004,2,0.53703177,1.0,0.4,NA,NA,NA,NA,-3,1,0,0,YJ,0.70315,34.2496223449707,-5.184051036834717,0,NA,0,NA,NA,0
U4_28315,UDS,U4_28315,28315,0.91951,0,0.92,10.94,0.588,0.007,4.609,0.055,7.8382,0.797,0.006,1,30.43013,5.0,0.9,0.91951,4.0E-5,190.2,9.0,2,1,0,0,YJ,0.5545,34.417110443115234,-5.183256149291992,0,NA,0,NA,NA,0
U4_28358,UDS,U4_28358,28358,1.41965,0,1.4235,10.96,0.444,0.009,3.747,0.076,8.4402,0.805,0.013,2,88.403534,5.0,1.0,1.41965,2.0E-5,161.0,3.9,0,1,1,0,H,0.42109,34.4090576171875,-5.182135105133057,0,NA,1,42,id_or_target,0
U4_28373,UDS,U4_28373,28373,0.82448,0,0.82212,9.49,0.248,0.012,1.881,0.091,7.5843,0.434,0.026,1,0.724436,1.0,0.1,0.82448,7.0E-5,55.2,11.3,0,1,0,0,YJ,0.44084,34.38113784790039,-5.183019161224365,0,NA,0,NA,NA,0
U4_28473,UDS,U4_28473,28473,2.52455,0,2.63635,11.35,0.383,0.033,3.085,0.266,8.0551,0.623,0.039,1,382.08228,5.0,1.5,2.52455,2.4E-4,221.5,46.5,2,1,0,0,K,0.42464,34.42238235473633,-5.181045055389404,0,NA,0,NA,NA,0
U4_28590,UDS,U3_20999,28590,NA,0,1.01967,10.06,0.212,0.008,NA,NA,NA,0.75,0.024,1,0.48977882,1.0,0.2,NA,NA,NA,NA,-3,1,0,0,YJ,0.37416,34.313026428222656,-5.180873870849609,0,NA,0,NA,NA,0
U4_28627,UDS,U4_28627,28627,NA,0,1.42662,10.22,0.13,0.007,NA,NA,NA,0.649,0.036,2,15.778913,2.0,0.1,1.42662,0.0,115.7,0.0,-2,1,0,0,H,0.42944,34.35293960571289,-5.180389881134033,0,NA,0,NA,NA,0
U4_28931,UDS,U4_28931,28931,1.59989,0,1.6032,9.91,0.341,0.008,2.889,0.068,8.4724,0.428,0.017,1,9.772372,1.0,0.1,1.59989,1.0E-5,68.5,2.0,0,1,0,0,H,0.38094,34.38115692138672,-5.179423809051514,0,NA,0,NA,NA,0
U4_29005,UDS,U4_29005,29005,NA,0,1.36553,10.71,0.126,0.004,NA,NA,NA,0.848,0.028,2,0.1,1.0,0.2,1.36553,0.0,112.5,0.0,-2,1,0,0,H,0.39903,34.39384841918945,-5.179512977600098,0,NA,0,NA,NA,0
U4_29145,UDS,U3_21388,29145,0.6691,0,0.822459,10.76,0.949,0.01,6.657,0.070,7.0150,0.197,0.006,2,5.949632,2.0,1.3,0.6691,5.0E-5,162.0,13.9,0,1,0,0,YJ,0.46385,34.31229782104492,-5.179664134979248,1,2,1,4,id_or_target,0
U4_29207,UDS,U4_29207,29207,0.82776,0,0.83104235,10.87,0.546,0.005,4.146,0.038,7.5941,0.61,0.005,2,35.32862,5.0,1.3,0.82776,8.0E-5,184.7,11.7,2,1,0,0,YJ,0.71425,34.33157730102539,-5.180046081542969,0,NA,0,NA,NA,0
U4_29399,UDS,U4_29399,29399,0.77679,0,0.7798,9.12,0.243,0.011,1.806,0.082,7.4319,0.388,0.031,1,1.1481537,1.0,0.0,0.77679,1.0E-5,43.4,5.1,0,1,0,0,YJ,0.77482,34.433109283447266,-5.177931785583496,0,NA,0,NA,NA,0
U4_29813,UDS,U4_29813,29813,1.50394,0,1.5118,10.63,0.573,0.02,4.850,0.169,8.4634,0.364,0.019,2,69.587326,5.0,2.0,1.50394,2.3E-4,189.3,48.8,2,1,0,0,H,0.38094,34.3912353515625,-5.176535129547119,0,NA,0,NA,NA,0
U4_29907,UDS,U4_29907,29907,0.82456,0,0.82577,9.07,0.392,0.01,2.973,0.076,7.5845,0.218,0.017,1,4.168694,1.0,0.6,0.82456,1.0E-5,50.6,5.5,0,1,0,0,YJ,0.3968,34.35287857055664,-5.176510810852051,0,NA,0,NA,NA,0
U4_29926,UDS,U4_29926,29926,NA,0,0.8283,10.82,0.651,0.014,NA,NA,NA,0.762,0.008,2,0.13182567,1.0,0.2,0.8283,0.0,112.6,0.0,-2,1,0,0,YJ,0.59166,34.360599517822266,-5.178743839263916,0,NA,0,NA,NA,0
U4_30029,UDS,U4_30029,30029,1.35689,0,1.36908,9.76,0.137,0.003,1.152,0.025,8.4123,0.834,0.022,1,6.918309,1.0,0.5,1.35689,2.0E-5,60.9,3.3,0,1,0,0,H,0.38094,34.384071350097656,-5.175494194030762,0,NA,0,NA,NA,0
U4_30207,UDS,U4_30207,30207,0.91557,1,0.91554,10.85,0.231,0.004,1.808,0.031,7.8289,0.214,0.014,2,0.117489755,1.0,0.6,0.91557,6.0E-5,34.5,50.8,2,1,0,0,YJ,0.36408,34.26642608642578,-5.175942897796631,0,NA,0,NA,NA,0
U4_30704,UDS,U4_30704,30704,0.82328,0,0.83125,8.98,0.264,0.012,2.001,0.091,7.5807,0.299,0.029,1,3.3884413,1.0,0.6,0.82328,7.0E-5,52.5,18.7,0,1,0,0,YJ,0.3968,34.337032318115234,-5.17349100112915,0,NA,0,NA,NA,0
U4_30916,UDS,U4_30916,30916,NA,0,2.1796706,11.23,0.214,0.004,NA,NA,NA,0.767,0.016,2,0.33113113,1.0,0.0,NA,NA,NA,NA,-3,1,0,0,K,0.42464,34.39824676513672,-5.1730852127075195,0,NA,0,NA,NA,0
U4_30953,UDS,U3_22836,30953,0.91348,0,0.910971,9.9,0.301,0.008,2.355,0.063,7.8239,0.835,0.016,1,4.388615,2.0,0.7,0.91348,7.0E-5,66.6,16.7,2,1,0,0,YJ,0.37416,34.28777313232422,-5.173415184020996,0,NA,0,NA,NA,0
U4_31577,UDS,U4_31577,31577,1.51753,0,1.5248777,11.07,0.518,0.007,4.385,0.059,8.4657,0.65,0.008,2,335.19727,5.0,0.9,1.51753,3.0E-5,218.1,5.7,0,1,0,0,H,0.49867,34.35688018798828,-5.172627925872803,0,NA,1,47,id_or_target,0
U4_31600,UDS,U4_31600,31600,0.79985,0,0.81575,9.67,0.478,0.017,3.589,0.128,7.5079,0.743,0.018,1,1.2589254,1.0,0.1,0.79985,1.0E-5,62.0,5.0,0,1,1,0,YJ,0.4031,34.32304763793945,-5.170806884765625,0,NA,0,NA,NA,0
U4_31872,UDS,U3_23519,31872,2.15361,0,2.15611,10.46,0.365,0.01,3.027,0.083,8.2925,0.541,0.018,2,53.683815,2.0,0.9,2.15361,1.1E-4,152.8,18.2,0,1,0,0,K,0.48274,34.42416763305664,-5.169791221618652,0,NA,0,NA,NA,0
U4_31902,UDS,U4_31902,31902,1.36524,0,1.3656276,9.72,0.294,0.018,2.474,0.151,8.4166,0.462,0.025,1,6.3095737,1.0,0.2,1.36524,1.0E-5,53.7,4.9,0,1,0,0,H,0.38094,34.397361755371094,-5.170279026031494,0,NA,0,NA,NA,0
U4_31966,UDS,U4_31966,31966,0.80112,0,0.78336,9.22,0.301,0.018,2.261,0.135,7.5119,0.728,0.034,1,0.7943282,1.0,0.0,0.80112,4.0E-5,84.6,15.1,0,1,0,0,YJ,0.77482,34.406455993652344,-5.169726848602295,0,NA,0,NA,NA,0
U4_31969,UDS,U4_31969,31969,NA,0,1.36316,10.65,0.074,0.002,NA,NA,NA,0.592,0.029,2,0.4466836,1.0,0.1,1.36316,0.0,113.6,0.0,-2,1,0,0,H,0.39903,34.397159576416016,-5.1697611808776855,0,NA,0,NA,NA,0
U4_32077,UDS,U4_32077,32077,1.03821,1,1.02081,11.12,0.445,0.008,3.594,0.065,8.0772,0.572,0.008,2,3.6307805,1.0,0.7,1.03821,0.0,114.3,0.0,-1,1,1,0,YJ,0.36408,34.32333755493164,-5.170838832855225,0,NA,0,NA,NA,0
U4_32147,UDS,U3_23710,32147,2.52873,0,2.35319,11.15,0.562,0.039,4.525,0.314,8.0521,0.52,0.022,2,98.382576,2.0,0.7,2.52873,3.9E-4,300.4,68.4,2,1,0,0,K,0.48274,34.39958572387695,-5.169280052185059,0,NA,0,NA,NA,0
U4_32351,UDS,U4_32351,32351,2.17972,0,2.18,11.04,0.406,0.018,3.361,0.149,8.2777,0.703,0.021,2,142.26819,2.0,0.8,2.17972,8.0E-5,142.9,15.9,0,1,0,0,K,0.40105,34.3061408996582,-5.168210983276367,0,NA,0,NA,NA,0
U4_32433,UDS,U4_32433,32433,0.82419,0,0.83034,9.43,0.16,0.01,1.213,0.076,7.5834,0.536,0.037,1,0.39810717,1.0,0.2,0.82419,2.0E-5,0.0,1.0,0,1,0,0,YJ,0.3968,34.37099838256836,-5.168074131011963,0,NA,0,NA,NA,0
U4_32491,UDS,U4_32491,32491,0.80248,0,0.80579,9.67,0.797,0.013,5.990,0.098,7.5162,0.704,0.009,1,10.689595,2.0,1.2,0.80248,0.0,70.8,1.6,0,1,1,0,YJ,0.3968,34.338829040527344,-5.169379234313965,0,NA,0,NA,NA,0
U4_32570,UDS,U4_32570,32570,1.41835,0,1.4171867,10.89,0.734,0.015,6.195,0.127,8.4398,0.322,0.009,2,171.26732,5.0,1.0,1.41835,3.0E-5,245.8,5.2,0,1,0,0,H,0.48916,34.4449348449707,-5.168227195739746,0,NA,1,41,id_or_target,0
U4_32808,UDS,U4_32808,32808,0.91523,1,0.9152366,10.97,0.318,0.006,2.489,0.047,7.8281,0.746,0.011,2,0.15488166,1.0,0.2,0.91523,5.0E-5,267.7,58.2,2,1,0,0,YJ,0.61862,34.27262878417969,-5.167327880859375,0,NA,0,NA,NA,0
U4_32822,UDS,U4_32822,32822,1.37223,0,1.37145,9.54,0.236,0.024,1.987,0.202,8.4200,0.519,0.045,1,31.724203,2.0,1.0,1.37223,1.9E-4,39.1,35.2,0,1,1,0,H,0.42944,34.338951110839844,-5.166396141052246,0,NA,0,NA,NA,0
U4_32921,UDS,U3_24029,32921,NA,0,0.889757,11.04,0.309,0.007,NA,NA,NA,0.83,0.01,2,4.750003,2.0,0.3,NA,NA,NA,NA,-3,1,0,0,YJ,0.43905,34.27244567871094,-5.167272090911865,0,NA,0,NA,NA,0
U4_32947,UDS,U4_32947,32947,1.28079,0,1.613,10.85,0.579,0.018,4.843,0.151,8.3641,0.496,0.018,2,22.387213,1.0,2.7,1.28079,4.3E-4,160.7,68.6,2,1,0,0,H,0.4024,34.2801399230957,-5.166954040527344,0,NA,0,NA,NA,0
U4_33076,UDS,U4_33076,33076,0.82004,0,0.82133,11.12,0.764,0.007,5.784,0.053,7.5709,0.296,0.004,2,21.116085,4.0,1.2,0.82004,1.2E-4,218.7,40.8,2,1,0,0,YJ,0.61862,34.2387809753418,-5.168053150177002,0,NA,0,NA,NA,0
U4_33182,UDS,U4_33182,33182,0.91151,0,0.91171,10.62,0.388,0.007,3.034,0.055,7.8192,0.825,0.01,2,5.2292776,2.0,0.8,0.91151,2.0E-5,70.1,4.1,2,1,0,0,YJ,0.36408,34.2742805480957,-5.1666059494018555,0,NA,0,NA,NA,0
U4_33383,UDS,U4_33383,33383,1.48273,0,1.48557,9.82,0.352,0.012,2.978,0.102,8.4590,0.489,0.021,1,23.436079,2.0,0.0,1.48273,2.0E-5,55.1,4.6,0,1,1,-1,H,0.4987,34.47671127319336,-5.165438175201416,0,NA,1,44,id_or_target,0
U4_33537,UDS,U4_33537,33537,2.47947,0,2.30359,10.97,0.439,0.024,3.550,0.194,8.0864,0.314,0.025,2,86.98696,2.0,0.8,2.47947,2.4E-4,193.9,41.4,2,1,0,0,K,0.37965,34.46573257446289,-5.164006233215332,0,NA,0,NA,NA,0
U4_33845,UDS,U4_33845,33845,NA,0,1.4992019,10.86,0.15,0.004,NA,NA,NA,0.506,0.02,2,0.14454399,1.0,0.2,NA,NA,NA,NA,-3,1,0,0,H,0.48162,34.40068054199219,-5.1635308265686035,0,NA,0,NA,NA,0
U4_33943,UDS,U4_33943,33943,0.90933,0,0.90408,9.34,0.196,0.006,1.532,0.047,7.8139,0.425,0.027,1,0.7585776,1.0,0.2,0.90933,7.0E-5,192.7,31.9,2,1,0,0,YJ,0.36408,34.28955078125,-5.1625261306762695,0,NA,0,NA,NA,0
U4_34138,UDS,U3_25105,34138,2.51841,0,2.28704,11.05,0.716,0.034,5.771,0.274,8.0594,0.842,0.02,2,233.04741,2.0,0.6,2.51841,1.2E-4,203.7,22.3,0,1,0,0,K,0.48274,34.40863800048828,-5.163092136383057,0,NA,1,100,id_or_target,0
U4_34173,UDS,U3_25160,34173,0.89611,0,0.90281,10.28,0.481,0.006,3.743,0.047,7.7814,0.804,0.008,2,22.82331,4.0,0.3,0.89611,1.0E-5,91.9,2.3,0,1,0,0,YJ,0.43905,34.26954650878906,-5.162911891937256,0,NA,0,NA,NA,0
U4_34204,UDS,U4_34204,34204,0.82763,0,0.81394,9.85,0.468,0.019,3.554,0.144,7.5937,0.777,0.021,1,5.07373,2.0,0.1,0.82763,5.0E-5,105.9,13.7,0,1,0,0,YJ,0.44084,34.371826171875,-5.162395000457764,0,NA,0,NA,NA,0
U4_34216,UDS,U4_34216,34216,2.185,0,2.17287,10.37,0.566,0.018,4.683,0.149,8.2747,0.483,0.02,2,53.583733,2.0,0.7,2.185,1.0E-4,244.7,41.6,2,1,0,0,K,0.39189,34.33330535888672,-5.162178993225098,0,NA,0,NA,NA,0
U4_34480,UDS,U4_34480,34480,1.64993,0,1.63399,10.19,0.513,0.011,4.346,0.093,8.4709,0.934,0.015,2,48.613106,2.0,0.3,1.64993,1.0E-5,93.0,2.4,0,1,0,0,H,0.43795,34.41230773925781,-5.161574840545654,0,NA,1,57,id_or_target,0
U4_34502,UDS,U4_34502,34502,1.55254,0,1.49428,10.55,0.142,0.022,1.203,0.186,8.4701,0.904,0.027,2,1.2882495,1.0,0.3,1.55254,1.5E-4,47.8,30.0,2,1,1,0,H,0.4024,34.30707550048828,-5.161457061767578,0,NA,0,NA,NA,0
U4_34515,UDS,U4_34515,34515,1.02411,0,1.0249375,9.67,0.225,0.008,1.812,0.064,8.0528,0.447,0.033,1,1.8620871,1.0,0.5,1.02411,4.0E-5,174.1,10.9,0,1,0,0,YJ,0.59166,34.371219635009766,-5.160776138305664,0,NA,0,NA,NA,0
U4_34516,UDS,U4_34516,34516,0.90551,0,0.89848375,10.92,0.91,0.014,7.102,0.109,7.8046,0.889,0.006,2,21.404226,2.0,0.4,0.90551,2.0E-5,68.7,3.4,2,1,0,0,YJ,0.53559,34.35261535644531,-5.162638187408447,0,NA,0,NA,NA,0
U4_34545,UDS,U4_34545,34545,1.01004,0,1.01073,9.53,0.335,0.007,2.689,0.056,8.0274,0.604,0.014,1,9.963077,2.0,0.8,1.01004,1.0E-5,64.6,3.2,0,1,0,0,YJ,0.4031,34.343448638916016,-5.16102409362793,0,NA,0,NA,NA,0
U4_34817,UDS,U4_34817,34817,2.17884,0,2.19,11.2,0.73,0.022,6.043,0.182,8.2782,0.687,0.019,2,192.8257,2.0,1.5,2.17884,2.6E-4,187.4,46.3,0,1,0,0,K,0.40105,34.27176284790039,-5.160068035125732,0,NA,0,NA,NA,0
U4_35085,UDS,U4_35085,35085,NA,0,1.6419,10.79,0.26,NA,NA,NA,NA,0.504,NA,2,0.12302687,1.0,0.2,1.6419,0.0,116.2,0.0,-2,1,0,0,H,0.38094,34.365482330322266,-5.158936023712158,0,NA,0,NA,NA,0
U4_35289,UDS,U4_35289,35289,NA,0,1.012,10.75,0.368,0.012,NA,NA,NA,0.486,0.015,2,6.541,2.0,0.3,1.012,0.0,115.1,0.0,-2,1,0,0,YJ,0.71425,34.32801055908203,-5.1590800285339355,0,NA,0,NA,NA,0
U4_35544,UDS,U4_35544,35544,2.47829,1,2.43013,10.16,0.367,0.043,2.968,0.348,8.0872,0.88,0.04,2,17.378008,1.0,0.8,2.47829,2.3E-4,140.7,53.2,2,1,0,0,K,0.37965,34.462337493896484,-5.15736722946167,0,NA,0,NA,NA,0
U4_35570,UDS,U4_35570,35570,0.82201,0,0.8085,9.84,0.745,0.028,5.645,0.212,7.5768,0.711,0.016,1,10.015822,2.0,0.1,0.82201,1.0E-5,43.6,6.6,0,1,0,0,YJ,0.4031,34.3178596496582,-5.158527851104736,0,NA,0,NA,NA,0
U4_35616,UDS,U4_35616,35616,1.60849,0,1.61823,11.28,0.606,0.012,5.134,0.102,8.4725,0.634,0.012,2,149.02411,2.0,0.0,1.60849,4.0E-5,108.7,4.8,0,1,1,0,H,0.37702,34.43073272705078,-5.157810211181641,0,NA,0,NA,NA,0
U4_35743,UDS,U4_35743,35743,NA,0,1.64984,10.53,0.028,0.001,NA,NA,NA,0.59,0.043,2,0.33884415,1.0,0.0,1.64984,0.0,116.2,0.0,-2,1,0,0,H,0.41466,34.42043685913086,-5.156283855438232,0,NA,0,NA,NA,0
U4_35777,UDS,U4_35777,35777,0.80299,0,0.79948,9.56,0.43,0.016,3.233,0.120,7.5179,0.548,0.017,1,4.3091965,2.0,0.0,0.80299,1.0E-5,31.7,8.6,0,1,0,2,YJ,0.4031,34.36918258666992,-5.156991004943848,0,NA,0,NA,NA,0
U4_35796,UDS,U4_35796,35796,1.5259,0,1.522354,10.81,0.894,0.025,7.569,0.212,8.4670,0.197,0.019,2,134.56763,5.0,1.0,1.5259,2.4E-4,190.8,41.3,2,1,0,0,H,0.48162,34.37884521484375,-5.157532215118408,0,NA,1,48,id_or_target,0
U4_36074,UDS,U4_36074,36074,2.32062,0,2.31846,10.18,0.27,0.005,2.212,0.041,8.1921,0.432,0.017,2,38.90452,1.0,0.5,2.32062,1.9E-4,137.9,30.7,2,1,0,0,K,0.40105,34.28303527832031,-5.15555477142334,0,NA,0,NA,NA,0
U4_36159,UDS,U4_36159,36159,NA,0,2.1979349,10.97,0.145,0.007,NA,NA,NA,0.789,0.032,2,0.18620871,1.0,0.0,NA,NA,NA,NA,-3,1,0,0,K,0.42464,34.42870330810547,-5.154961109161377,0,NA,0,NA,NA,0
U4_36198,UDS,U4_36198,36198,1.61468,0,1.61823,10.37,0.074,0.011,0.627,0.093,8.4724,0.784,0.039,2,113.85033,2.0,0.2,1.61468,8.0E-5,164.3,5.9,0,1,0,0,H,0.4987,34.47914505004883,-5.155567169189453,0,NA,0,NA,NA,0
U4_36227,UDS,U4_36227,36227,0.78827,0,0.78961,9.78,0.413,0.004,3.085,0.030,7.4703,0.775,0.008,1,25.604382,5.0,1.2,0.78827,2.0E-5,61.2,5.3,0,1,0,0,YJ,0.50797,34.339393615722656,-5.155454158782959,0,NA,0,NA,NA,0
U4_36247,UDS,U4_36247,36247,2.17905,0,2.1612,11.04,0.362,0.011,2.997,0.091,8.2781,0.893,0.021,2,253.52864,5.0,2.0,2.17905,2.0E-5,105.7,8.0,0,1,0,0,K,0.43857,34.28171157836914,-5.154848098754883,0,NA,0,NA,NA,0
U4_36568,UDS,U4_36568,36568,2.17721,0,2.1858053,11.05,0.398,0.01,3.295,0.083,8.2791,0.836,0.017,2,299.45297,5.0,1.3,2.17721,6.0E-5,160.7,10.2,0,1,0,0,K,0.41615,34.29376983642578,-5.154483795166016,0,NA,1,72,id_or_target,0
U4_36677,UDS,U3_27143,36677,2.24889,0,2.25684,10.5,0.19,0.007,1.565,0.058,8.2368,0.557,0.027,2,47.68053,2.0,0.8,2.24889,2.0E-5,130.7,4.8,0,1,0,0,K,0.43202,34.40554428100586,-5.1532769203186035,0,NA,0,NA,NA,0
U4_36989,UDS,U4_36989,36989,NA,0,0.82116705,11.0,0.637,0.008,NA,NA,NA,0.611,0.005,2,4.8438044,2.0,0.3,0.82117,0.0,114.5,0.0,-2,1,0,0,YJ,0.61862,34.28084945678711,-5.151136875152588,0,NA,0,NA,NA,0
U4_37119,UDS,U4_37119,37119,0.82031,0,0.8204788,10.04,0.425,0.006,3.218,0.045,7.5717,0.314,0.011,2,11.190698,4.0,1.7,0.82031,4.0E-5,93.0,8.5,0,1,0,0,YJ,0.71425,34.2956428527832,-5.152139186859131,0,NA,0,NA,NA,0
U4_37219,UDS,U4_37219,37219,0.87854,0,0.879,9.55,0.179,0.005,1.385,0.039,7.7363,0.607,0.022,1,4.81981,2.0,1.2,0.87854,5.0E-5,112.9,18.7,0,1,0,0,YJ,0.4031,34.324798583984375,-5.151267051696777,0,NA,0,NA,NA,0
U4_37486,UDS,U3_27771,37486,2.30026,0,2.28873,10.9,0.138,0.012,1.132,0.098,8.2051,0.679,0.055,1,61.310272,2.0,1.5,2.30026,1.1E-4,44.7,53.3,2,1,0,0,K,0.43202,34.355838775634766,-5.149992942810059,0,NA,0,NA,NA,0
U4_37823,UDS,U4_37823,37823,1.6554,0,1.65117,11.01,0.307,0.007,2.600,0.059,8.4705,0.689,0.015,2,934.67645,5.0,1.6,1.6554,1.1E-4,238.3,8.5,0,1,0,0,H,0.4586,34.449588775634766,-5.14940881729126,0,NA,0,NA,NA,0
U4_38210,UDS,U4_38210,38210,0.60221,0,0.8113316,10.85,0.918,0.007,6.148,0.047,6.6969,0.39,0.003,1,15.265562,5.0,0.8,0.60221,6.0E-5,148.7,6.7,0,1,0,0,YJ,0.71425,34.33782196044922,-5.149071216583252,0,NA,1,1,id_or_target,0
U4_38480,UDS,U3_28306,38480,2.52958,0,2.59896,10.62,0.636,0.014,5.121,0.113,8.0515,0.785,0.016,1,32.359364,1.0,0.5,2.52958,7.0E-5,142.7,33.4,2,1,0,0,K,0.43202,34.387542724609375,-5.147441864013672,0,NA,0,NA,NA,0
U4_39003,UDS,U4_39003,39003,0.92687017,0,0.9432319,10.66,0.748,0.007,5.876,0.055,7.8554,0.438,0.007,2,23.569883,5.0,1.0,0.92687017,1.8E-4,798.1,38.1,2,1,0,0,YJ,0.61862,34.249122619628906,-5.146216869354248,0,NA,0,NA,NA,0
U4_39208,UDS,U4_39208,39208,1.5268,0,1.51935,9.73,0.296,0.01,2.506,0.085,8.4671,0.498,0.024,1,3.981072,1.0,0.0,1.5268,1.0E-5,43.5,1.9,0,1,0,0,H,0.4024,34.280399322509766,-5.144195079803467,0,NA,0,NA,NA,0
U4_40420,UDS,U4_40420,40420,NA,0,1.65647,11.26,0.259,0.006,NA,NA,NA,0.593,0.015,2,0.3548134,1.0,0.0,1.65647,0.0,116.4,0.0,-2,1,0,0,H,0.4024,34.28594207763672,-5.140571117401123,0,NA,0,NA,NA,0
U4_40631,UDS,U4_40631,40631,NA,0,1.021,11.06,0.406,0.012,NA,NA,NA,0.665,0.009,2,0.19498447,1.0,0.3,1.021,0.0,115.3,0.0,-2,1,0,0,YJ,0.36408,34.34087371826172,-5.139780044555664,0,NA,0,NA,NA,0
U4_42393,UDS,U4_42393,42393,0.82152,0,0.824,10.93,0.471,0.008,3.568,0.061,7.5754,0.828,0.006,2,128.43187,5.0,2.4,0.82152,2.0E-5,207.2,4.8,0,1,0,0,YJ,0.61862,34.29563522338867,-5.1279802322387695,0,NA,1,14,id_or_target,0
COS4_22012,COSMOS,COS3_23010,22012,0.89509,1,0.89509,10.2,0.453522,0.00818161,3.528,0.064,7.7788,0.2659,0.00975265,2,7.9423356,2.0,1.6,NA,NA,NA,NA,NA,0,0,0,YJ,0.50457,150.15090942382812,2.403698444366455,0,NA,0,NA,NA,0
U4_11730,UDS,U3_08324,11730,1.02907,1,1.02907,9.88,0.494358,0.0188706,3.985,0.152,8.0615,0.2755,0.0207762,1,9.372353,2.0,1.1,NA,NA,NA,NA,NA,0,0,0,YJ,0.43543,34.251224517822266,-5.237332820892334,0,NA,0,NA,NA,0
U4_17365,UDS,U3_12569,17365,1.03156,1,1.03156,10.29,0.166446,0.0181277,1.343,0.146,8.0658,0.8665,0.0258095,2,23.543911,2.0,0.7,NA,NA,NA,NA,NA,0,0,0,YJ,0.38097,34.31490707397461,-5.218935012817383,0,NA,0,NA,NA,0
GS4_36979,GOODS-S,GS4_36979,36979,0.893901,1,0.899,8.7,0.296484,0.0415551,2.305,0.323,7.7758,0.4844,0.075401,1,0.46773514,1.0,0.1,NA,NA,NA,NA,NA,0,0,0,YJ,0.32243,53.14729690551758,-27.73924446105957,0,NA,0,NA,NA,0
GS4_42684,GOODS-S,GS3_29209,42684,1.02056,1,1.02056,9.49,0.325134,0.0100715,2.616,0.081,8.0465,0.6999,0.013921,1,2.3985438,2.0,0.1,NA,NA,NA,NA,NA,0,0,0,YJ,0.32005,53.0788688659668,-27.71173667907715,0,NA,0,NA,NA,0
GS4_41226,GOODS-S,GS3_28307,41226,2.45124,1,2.45124,9.95,0.352806,0.0149729,2.860,0.121,8.1058,0.3494,0.0168634,1,16.218102,1.0,0.5,NA,NA,NA,NA,NA,0,0,0,K,0.40439,53.15399169921875,-27.717557907104492,0,NA,0,NA,NA,0
GS4_27688,GOODS-S,GS3_18448,27688,2.30848,1,2.30848,10.06,0.31659,0.0543282,2.596,0.445,8.1999,0.2664,0.0730066,1,56.2391,2.0,0.5,NA,NA,NA,NA,NA,0,0,0,K,0.35627,53.11888122558594,-27.783031463623047,0,NA,0,NA,NA,0
GS4_40386,GOODS-S,GS3_27649,40386,2.30622,1,2.30622,9.93,0.288468,0.0254512,2.366,0.209,8.2013,0.3858,0.0415829,2,29.382977,2.0,0.6,NA,NA,NA,NA,NA,0,0,0,K,0.41819,53.05451965332031,-27.721712112426758,0,NA,0,NA,NA,0
GS4_19017,GOODS-S,GS3_12496,19017,2.03745,1,2.03745,9.57,0.118824,0.00588102,0.993,0.049,8.3532,0.7023,0.0335358,1,12.947307,2.0,0.4,NA,NA,NA,NA,NA,0,0,0,K,0.45925,53.1035270690918,-27.823579788208008,0,NA,0,NA,NA,0
COS4_11337,COSMOS,COS4_11337,11337,2.096,1,2.096,11.26,0.082164,0.00389669,0.684,0.032,8.3237,0.699,0.016976,2,26.915344,1.0,0.8,NA,NA,NA,NA,NA,0,0,0,K,0.40013,150.11956787109375,2.2957866191864014,0,NA,0,NA,NA,0
COS4_06949,COSMOS,COS4_06949,6949,2.29831,1,2.29831,10.49,0.115002,0.0369478,0.944,0.303,8.2063,0.398,0.0679871,2,6.918309,1.0,1.1,NA,NA,NA,NA,NA,0,0,0,K,0.39091,150.07688903808594,2.2493698596954346,0,NA,0,NA,NA,0
COS4_17669,COSMOS,COS4_17669,17669,2.46856,1,2.46856,10.48,0.40305,0.0287467,3.262,0.233,8.0939,0.4745,0.042167,1,79.67614,2.0,1.9,NA,NA,NA,NA,NA,0,0,0,K,0.39843,150.09494018554688,2.359269618988037,0,NA,0,NA,NA,0
COS4_16816,COSMOS,COS4_16816,16816,2.55421,1,2.55421,9.28,0.18021,0.0412744,1.448,0.332,8.0341,0.0212,0.119352,1,9.332543,1.0,0.5,NA,NA,NA,NA,NA,0,0,0,K,0.39928,150.0879669189453,2.3504559993743896,0,NA,0,NA,NA,0
COS4_08359,COSMOS,COS4_08359,8359,1.17078,1,1.17078,9.42,0.436146,0.00910712,3.604,0.075,8.2623,0.28,0.0122215,1,6.7608294,1.0,0.3,NA,NA,NA,NA,NA,0,0,0,YJ,0.62154,150.1757049560547,2.2655956745147705,0,NA,0,NA,NA,0
U4_10156,UDS,U4_10156,10156,1.42926,1,1.4405,9.08,0.200556,0.0252916,1.693,0.214,8.4437,0.3568,0.0804871,1,0.91201085,1.0,0.1,NA,NA,NA,NA,NA,0,0,0,H,0.4164,34.379573822021484,-5.242218017578125,0,NA,0,NA,NA,0
COS4_11700,COSMOS,COS4_11700,11700,1.51497,1,1.51497,9.5,0.343524,0.0223944,2.908,0.190,8.4653,0.2538,0.0265825,1,8.317638,1.0,0.6,NA,NA,NA,NA,NA,0,0,0,H,0.44216,150.13601684570312,2.2989230155944824,0,NA,0,NA,NA,0
COS4_07290,COSMOS,COS4_07290,7290,0.3822,1,0.38265,8.38,0.26211,0.0123691,1.369,0.065,5.2244,0.7038,0.0236193,1,0.4265795,1.0,0.4,NA,NA,NA,NA,NA,0,0,0,H,0.38841,150.1233367919922,2.2532949447631836,0,NA,0,NA,NA,0
COS4_02865,COSMOS,COS4_02865,2865,2.17418,1,2.17418,9.55,0.8487,0.0722287,7.028,0.598,8.2808,0.5063,0.0307168,1,36.3078,1.0,0.7,NA,NA,NA,NA,NA,0,0,0,K,0.39883,150.09738159179688,2.2091052532196045,0,NA,0,NA,NA,0
COS4_01928,COSMOS,COS4_01928,1928,2.45561,1,2.45561,10.45,0.436788,0.0532849,3.539,0.432,8.1028,0.4627,0.0527498,2,49.232388,2.0,1.1,NA,NA,NA,NA,NA,0,0,0,K,0.39883,150.1255340576172,2.1991357803344727,0,NA,0,NA,NA,0
COS4_05758,COSMOS,COS4_05758,5758,2.10203,1,2.10203,10.42,0.510258,0.0196276,4.246,0.163,8.3205,0.3672,0.0186891,1,42.58469,2.0,0.8,NA,NA,NA,NA,NA,0,0,0,K,0.39883,150.1250457763672,2.2369792461395264,0,NA,0,NA,NA,0
COS4_12708,COSMOS,COS4_12708,12708,1.44295,1,1.4513,9.3,0.274878,0.0241457,2.322,0.204,8.4482,0.4565,0.0512059,1,1.9498446,1.0,0.2,NA,NA,NA,NA,NA,0,0,0,H,0.40339,150.12583923339844,2.308326005935669,0,NA,0,NA,NA,0
GS4_16994,GOODS-S,GS4_16994,16994,1.61623,1,1.61623,10.51,0.269934,0.00285113,2.287,0.024,8.4724,0.8565,0.00762662,2,14.125375,1.0,1.0,NA,NA,NA,NA,NA,0,0,0,H,0.65392,53.15732955932617,-27.833681106567383,0,NA,0,NA,NA,0
GS4_07575,GOODS-S,GS4_07575,7575,1.19901,1,1.19901,8.49,0.2718,0.0168339,2.254,0.140,8.2925,0.005575,0.0422488,1,3.776776,2.0,0.1,NA,NA,NA,NA,NA,0,0,0,H,0.54763,53.22209167480469,-27.87336540222168,0,NA,0,NA,NA,0
GS4_43481,GOODS-S,GS4_43481,43481,2.14393,1,2.14393,9.56,0.298332,0.0145492,2.476,0.121,8.2978,0.2164,0.0371273,1,2.7542286,1.0,0.6,NA,NA,NA,NA,NA,0,0,0,K,0.41329,53.15324783325195,-27.706920623779297,0,NA,0,NA,NA,0
U4_09263,UDS,U4_09263,9263,0.566371,1,0.57302,8.9,0.376908,0.0106831,2.452,0.069,6.5048,0.4866,0.0185174,1,1.7782794,1.0,0.6,NA,NA,NA,NA,NA,0,0,0,YJ,0.42321,34.33518600463867,-5.245967864990234,0,NA,0,NA,NA,0
U4_21688,UDS,U4_21688,21688,1.37986,1,1.37501,10.39,0.63384,0.0120733,5.339,0.102,8.4236,0.6848,0.0108702,2,31.387882,2.0,0.4,NA,NA,NA,NA,NA,0,0,0,YJ,0.44084,34.391998291015625,-5.20579719543457,0,NA,0,NA,NA,0
GS4_44322,GOODS-S,GS4_44322,44322,2.14211,1,2.1407852,10.0,0.467976,0.0696752,3.884,0.578,8.2988,0.4509,0.0200741,2,12.022646,1.0,0.6,NA,NA,NA,NA,NA,0,0,0,K,0.47985,53.11065673828125,-27.70384979248047,0,NA,0,NA,NA,0
COS4_20210,COSMOS,COS4_20210,20210,0.851583,1,0.85893,8.88,0.237594,0.014947,1.821,0.115,7.6631,0.2014,0.0441743,1,0.691831,1.0,0.2,NA,NA,NA,NA,NA,0,0,0,YJ,0.83022,150.1634521484375,2.3844618797302246,0,NA,0,NA,NA,0
COS4_21209,COSMOS,COS4_21209,21209,0.89058,1,0.8449,9.82,0.319284,0.00992037,2.480,0.077,7.7674,0.7656,0.0148267,1,0.4265795,1.0,0.3,NA,NA,NA,NA,NA,0,0,0,YJ,0.4619,150.068115234375,2.396016836166382,0,NA,0,NA,NA,0
U4_32050,UDS,U4_32050,32050,0.801359,1,0.81212,9.11,0.282312,0.00566404,2.121,0.043,7.5127,0.4168,0.0151363,1,8.317638,1.0,0.3,NA,NA,NA,NA,NA,0,0,0,YJ,0.3968,34.33949661254883,-5.169431209564209,0,NA,0,NA,NA,0
GS4_19744,GOODS-S,GS4_19744,19744,1.00529,1,0.99871,9.16,0.132588,0.00640804,1.063,0.051,8.0186,0.5002,0.0300385,1,1.0964782,1.0,0.5,NA,NA,NA,NA,NA,0,0,0,YJ,0.48131,53.063655853271484,-27.819900512695312,0,NA,0,NA,NA,0
COS4_18695,COSMOS,COS4_18695,18695,1.65308,1,1.59997,10.26,0.316152,0.0128075,2.678,0.108,8.4706,0.6141,0.0137449,2,7.7624707,1.0,0.5,NA,NA,NA,NA,NA,0,0,0,H,0.45325,150.0767364501953,2.3703484535217285,0,NA,0,NA,NA,0
COS4_18086,COSMOS,COS4_18086,18086,2.08506,1,1.66846,10.01,0.34566,0.0140999,2.879,0.117,8.3294,0.547,0.0264077,1,36.021595,2.0,0.3,NA,NA,NA,NA,NA,0,0,0,H,0.42673,150.08358764648438,2.3633663654327393,0,NA,0,NA,NA,0
COS4_10314,COSMOS,COS4_10314,10314,2.19309,1,2.2011,10.88,0.39096,0.0262843,3.233,0.217,8.2700,0.7797,0.0198202,2,16.982437,1.0,0.9,NA,NA,NA,NA,NA,0,0,0,H,0.4064,150.0857696533203,2.2851409912109375,0,NA,0,NA,NA,0
COS4_09793,COSMOS,COS4_09793,9793,1.40383,1,1.40008,9.52,0.388242,0.0181197,3.274,0.153,8.4341,0.2808,0.0249266,1,4.4668355,1.0,0.4,NA,NA,NA,NA,NA,0,0,0,H,0.38277,150.0876922607422,2.2800097465515137,0,NA,0,NA,NA,0
U4_35606,UDS,U4_35606,35606,1.60622,1,1.592,10.62,0.329424,0.00463318,2.791,0.039,8.4725,0.7744,0.0125167,2,281.3961,5.0,1.4,NA,NA,NA,NA,NA,0,0,0,H,0.37702,34.43096160888672,-5.15774393081665,0,NA,0,NA,NA,0
U4_25419,UDS,U4_25419,25419,1.52568,1,1.52439,10.22,0.38445,0.0194677,3.255,0.165,8.4669,0.4197,0.0260202,2,1.9952624,1.0,0.7,NA,NA,NA,NA,NA,0,0,0,H,0.48916,34.47700119018555,-5.191688060760498,0,NA,0,NA,NA,0
U4_33066,UDS,U4_33066,33066,1.4832,1,1.531,8.88,0.638838,0.148715,5.404,1.258,8.4591,0.4405,0.0638441,1,1.3489629,1.0,0.0,NA,NA,NA,NA,NA,0,0,0,H,0.4987,34.476741790771484,-5.165228843688965,0,NA,0,NA,NA,0
U4_28119,UDS,U4_28119,28119,1.3638,1,1.3641,10.46,0.28578,0.00602006,2.405,0.051,8.4158,0.9683,0.0135707,2,30.870369,2.0,1.1,NA,NA,NA,NA,NA,0,0,0,H,0.42109,34.408851623535156,-5.182569980621338,0,NA,0,NA,NA,0
GS4_16693,GOODS-S,GS4_16693,16693,1.61213,1,1.8881,9.04,0.163386,0.00650355,1.384,0.055,8.4724,0.9911,0.0313825,1,42.539684,5.0,0.1,NA,NA,NA,NA,NA,0,0,0,H,0.38994,53.07061767578125,-27.83436393737793,0,NA,0,NA,NA,0
U4_35071,UDS,U4_35071,35071,1.45048,1,1.45346,11.29,0.450024,0.00819395,3.803,0.069,8.4505,0.6813,0.0107976,2,409.37723,5.0,1.8,NA,NA,NA,NA,NA,0,0,0,H,0.4024,34.30674362182617,-5.161052227020264,0,NA,0,NA,NA,0
U4_11438,UDS,U4_11438,11438,1.46824,1,1.46699,9.64,0.265698,0.0213364,2.247,0.180,8.4555,0.8629,0.0526266,1,50.82803,2.0,0.1,NA,NA,NA,NA,NA,0,0,0,H,0.39035,34.28620910644531,-5.238038063049316,0,NA,0,NA,NA,0
U4_11526,UDS,U3_08162,11526,1.03234,1,1.03234,9.48,0.587424,0.0380974,4.739,0.307,8.0672,0.2304,0.0277591,1,5.3703184,1.0,1.3,NA,NA,NA,NA,NA,0,0,0,YJ,0.43543,34.251686096191406,-5.237872123718262,0,NA,0,NA,NA,0
COS4_05438,COSMOS,COS4_05438,5438,2.29702,1,2.8285,10.83,0.213696,0.0336776,1.754,0.276,8.2071,0.805,0.11156,1,473.94547,2.0,0.6,NA,NA,NA,NA,NA,0,0,0,K,0.38976,150.0731201171875,2.2331838607788086,0,NA,0,NA,NA,0
COS4_05803,COSMOS,COS4_05803,5803,2.09813,1,2.08638,10.38,0.815928,0.0126971,6.791,0.106,8.3226,0.2182,0.0192712,2,108.123,2.0,1.0,NA,NA,NA,NA,NA,0,0,0,K,0.39883,150.1248321533203,2.236973285675049,0,NA,0,NA,NA,0
COS4_18057,COSMOS,COS4_18057,18057,2.08506,1,1.5626,9.91,0.13113,0.0205151,1.092,0.171,8.3294,0.7683,0.0909179,1,6.1659503,1.0,1.6,NA,NA,NA,NA,NA,0,0,0,H,0.42673,150.08407592773438,2.3630855083465576,0,NA,0,NA,NA,0
